token,vowel,c1,c2,c3,c4,c5,c6,c7,c8,c9,c10,c11,c12,c13
a_01,a,-129.0818,135.1361,-28.0666,-15.2925,-15.7708,-8.5889,20.6132,4.5395,-2.3214,3.7695,-0.4393,-0.4117,-1.1747
a_02,a,-131.5732,139.7057,-27.7367,-16.1869,-8.5351,-11.7394,11.5686,5.8225,-2.4955,3.4654,7.5951,3.7196,-4.8845
a_03,a,-125.4564,143.0522,-29.9319,-7.2657,-12.4548,-10.4737,15.8227,-0.3193,-3.6540,3.7248,4.6643,3.5666,-1.4490
a_04,a,-116.3876,141.5016,-36.6031,-9.3276,-8.6565,-8.9717,14.6174,0.8929,-2.9614,2.7940,5.6576,2.7793,-4.7489
a_05,a,-124.1748,141.1561,-32.8722,-12.7109,-12.1018,-11.1768,16.2752,4.4487,-2.2258,2.5192,3.2554,1.2684,-3.7419
a_06,a,-122.4832,140.3732,-34.2317,-11.3892,-6.6893,-8.7219,13.4425,0.9326,-3.8375,4.6900,8.3640,3.8845,-5.7170
a_07,a,-136.9701,142.7726,-28.6853,-16.3055,-11.0870,-11.5835,16.3231,9.3280,-1.5351,0.8511,3.2961,2.6915,-2.7305
a_08,a,-124.1375,139.6852,-33.1993,-12.9029,-6.7896,-10.0895,12.6437,2.5714,-2.7836,5.2915,7.8484,2.8550,-6.3793
a_09,a,-133.8477,139.5880,-26.4603,-12.7438,-13.4504,-11.6323,16.6694,4.5756,-1.6679,5.4426,4.0278,2.0586,-1.8536
a_10,a,-130.5484,137.1083,-29.0567,-15.4173,-11.8879,-9.7852,18.3531,7.1111,-2.1628,2.9720,2.0210,0.0339,-3.0571
a_11,a,-132.5750,142.6823,-24.1730,-14.2339,-10.4698,-14.1318,11.7937,7.1970,-1.9455,2.2100,5.3837,2.9073,-3.3504
a_12,a,-124.2236,141.0600,-32.9578,-11.4596,-11.5513,-9.8665,16.5012,2.9663,-3.3663,1.7990,4.1809,3.3146,-2.6690
a_13,a,-128.3193,137.4622,-26.0659,-12.6638,-8.2124,-11.0763,11.4411,1.3023,-4.3623,6.3737,9.0839,3.9806,-3.8567
a_14,a,-123.7091,141.8802,-35.0377,-9.5856,-13.4064,-8.7154,18.7377,1.1934,-3.3062,2.3396,3.2323,2.7470,-1.9787
a_15,a,-126.0842,143.3628,-27.7172,-9.8413,-11.1446,-12.7407,14.0729,3.9417,-2.9358,2.1576,4.3695,2.7162,-2.3490
a_16,a,-128.1257,137.1036,-27.2785,-14.7121,-6.6183,-12.0388,8.6757,3.2938,-3.4365,4.1037,8.9373,4.4607,-5.1539
a_17,a,-134.8789,140.5098,-24.0822,-12.1613,-13.5747,-12.3724,15.8089,4.0410,-2.2554,5.3061,4.1838,2.6634,-1.0219
a_18,a,-130.1791,141.0777,-31.1972,-14.1987,-7.1673,-10.0305,14.5711,6.2468,-2.5512,2.5932,5.9311,3.3362,-4.7472
a_19,a,-136.2045,135.1974,-25.6810,-15.7925,-14.2977,-9.3837,18.9925,5.7842,-1.7015,5.5460,2.7511,0.9036,-1.6145
a_20,a,-125.9692,141.1809,-33.0620,-12.5818,-8.6325,-9.4145,15.5355,4.7350,-2.6555,2.2909,5.2000,2.5315,-4.6047
i_01,i,-141.8851,99.7398,-6.0169,55.3786,8.7729,-10.9651,17.9536,-4.4694,-6.0023,-2.7034,-4.9467,-2.5692,-8.7199
i_02,i,-137.5356,96.6406,-4.9666,59.0926,-0.5233,-5.9654,18.9904,-10.2077,-1.5377,-5.6391,-5.4975,-1.1566,-12.1223
i_03,i,-140.2651,98.8871,-5.6120,59.0883,-0.1102,-4.3653,18.8851,-9.5885,1.9130,-4.2782,-3.8352,2.2650,-10.7981
i_04,i,-138.8470,97.2832,-3.9977,56.6459,4.3524,-7.9226,17.9650,-7.2660,-2.2476,-3.5503,-5.1742,0.1154,-10.3457
i_05,i,-141.5807,100.9338,-7.7786,57.7396,4.3767,-7.8354,18.6889,-6.7679,-0.8896,-3.0716,-4.0996,1.5405,-9.0649
i_06,i,-143.7218,99.4674,-2.7911,52.6110,8.2453,-4.5566,13.1123,-5.9867,2.3489,-7.5111,-7.0048,4.4093,-12.1305
i_07,i,-132.5146,97.7443,-5.9985,57.1944,2.4337,-8.3657,18.9131,-7.9113,-1.8549,-2.6184,-4.6967,0.4660,-8.9944
i_08,i,-139.4368,100.9765,-9.1823,59.7736,1.6301,-9.6287,20.8471,-8.7217,-3.0917,-1.1021,-4.5038,-1.1116,-7.9200
i_09,i,-135.4809,100.0638,-6.5552,53.1981,8.2602,-9.2010,16.3217,-4.3817,-1.7500,-2.9360,-4.9763,1.8325,-7.9236
i_10,i,-139.0881,96.9304,-4.1866,58.6705,0.5907,-6.4851,20.0806,-10.3020,-2.5139,-3.3764,-6.8794,-1.6224,-9.8463
i_11,i,-141.5287,95.6357,-1.5979,58.4988,1.8025,-6.4343,20.6184,-9.8295,-2.6682,-1.1954,-6.5864,-1.8021,-8.8422
i_12,i,-133.2496,100.0878,-7.2292,55.3853,5.2859,-9.3908,16.6308,-7.1604,-2.3793,-3.6586,-5.7180,0.8045,-9.0604
i_13,i,-131.4615,98.4104,-6.1079,57.4370,1.3268,-8.4946,19.3988,-9.4757,-2.4761,-1.7199,-5.5350,-0.3069,-8.3257
i_14,i,-134.6470,102.7610,-11.1820,57.9543,2.9802,-10.0132,19.4544,-7.7080,-2.6890,-1.9535,-4.3522,-0.1127,-7.5761
i_15,i,-139.8844,99.9609,-6.8534,52.0678,12.6291,-10.5563,16.0937,-0.9060,-2.8525,-2.3896,-3.9491,1.6774,-7.2944
i_16,i,-140.0677,100.7504,-5.6882,53.4602,5.9167,-5.0476,13.9884,-7.2631,1.6575,-8.1482,-7.6975,3.1653,-12.1427
i_17,i,-126.8743,98.6861,-7.2708,56.5199,-0.2405,-5.6145,16.4111,-9.2571,2.1857,-5.8241,-3.4615,3.6207,-11.4044
i_18,i,-128.3144,102.7929,-11.1033,54.1446,5.4476,-8.7663,15.2144,-6.2512,0.5838,-4.7578,-4.6806,4.1512,-8.3767
i_19,i,-139.6098,97.3478,-4.1677,55.4004,6.8443,-9.1927,19.7982,-5.0535,-3.7530,-0.1044,-4.5958,-0.8391,-7.0265
i_20,i,-141.3463,99.6272,-6.1903,56.3586,6.1707,-9.0177,18.7692,-6.5092,-4.0302,-3.1101,-6.3483,-1.3886,-8.8359
u_01,u,-178.4155,139.0303,24.0191,3.4472,5.7359,-5.5715,6.4911,12.1764,-4.2249,-5.8216,-1.5886,-8.9648,-7.0346
u_02,u,-164.8237,138.7928,21.7848,3.4355,3.5982,-6.9381,8.0971,11.4554,-4.5712,-3.1387,-0.5329,-8.4573,-5.0013
u_03,u,-164.9511,137.5598,21.9972,3.2376,4.7320,-5.6231,8.2463,11.9074,-4.6253,-3.9088,-0.2363,-7.8554,-4.8497
u_04,u,-164.9083,140.0630,22.0072,-0.8592,7.6509,-4.6731,1.3965,12.9159,-0.8363,-9.7444,-3.0874,-5.3087,-8.8105
u_05,u,-162.3168,138.6838,24.1196,4.2573,3.4727,-8.2870,5.4185,10.2284,-4.4141,-3.0362,-0.0788,-8.3397,-5.7509
u_06,u,-153.7323,143.6755,13.6702,-2.4330,9.0482,-5.0017,3.0709,12.2768,-4.2962,-10.6757,-2.4643,-3.5735,-5.1696
u_07,u,-161.4578,137.9832,22.7993,3.0936,4.2144,-6.5736,6.8973,11.4381,-4.6904,-4.7361,-1.2220,-8.5993,-5.4866
u_08,u,-159.9460,141.9646,21.2477,1.0389,4.1330,-8.9684,3.5617,12.2812,-3.1349,-5.6760,-1.1414,-8.1774,-7.6395
u_09,u,-153.6535,140.9239,13.8034,0.2399,7.0578,-4.7861,8.0206,11.2251,-7.5580,-8.9517,-2.7319,-6.0924,-3.7292
u_10,u,-171.0315,141.3372,23.0730,1.9494,5.9484,-7.8069,2.1643,11.9947,-2.5969,-6.6478,-0.8485,-6.8373,-8.1850
u_11,u,-171.6602,139.0102,20.5222,0.6495,5.7898,-5.7465,5.1610,11.7187,-5.2625,-8.4107,-2.4735,-8.0347,-6.9847
u_12,u,-165.5432,141.0989,16.4813,0.8852,6.5521,-5.3926,7.3814,11.8808,-6.2508,-8.2009,-2.8167,-7.4523,-4.9729
u_13,u,-160.8957,136.5439,19.1692,2.5552,6.0985,-3.6437,9.5664,11.3270,-6.2786,-5.5554,-1.2602,-7.4031,-3.7008
u_14,u,-166.5850,140.1569,21.3104,1.2720,7.0033,-6.0723,3.8354,13.3637,-2.0863,-6.6451,-0.1071,-5.3653,-6.9792
u_15,u,-168.3780,138.1963,18.0670,1.5562,5.2134,-4.1008,9.8522,10.6561,-8.2461,-7.9095,-3.4447,-8.4704,-3.6768
u_16,u,-166.5254,141.0669,19.8926,3.7244,3.8177,-7.6806,7.7257,10.4213,-5.4956,-3.7069,-1.1708,-8.1339,-4.5680
u_17,u,-170.6879,137.3147,23.9359,1.5636,5.4647,-5.3816,4.8693,12.7275,-3.0929,-8.1090,-3.4873,-9.6300,-9.4665
u_18,u,-179.1672,134.1559,29.4188,5.3327,4.3688,-5.7194,5.1680,10.6698,-3.7813,-5.3950,-2.1522,-10.4639,-9.1873
u_19,u,-168.5242,141.2976,15.5240,2.7985,6.6425,-5.3030,9.0115,11.4149,-6.3997,-6.5336,-2.2611,-7.6076,-4.6645
u_20,u,-164.2489,145.6799,15.4617,0.2755,5.6071,-8.9913,3.8276,11.9095,-4.0993,-7.3743,-2.0320,-6.2783,-6.1003
