speaker,group,vowel,word,duration_ms,f0,f1,f2,f3
1,boy,æ,had,257,238,630,2423,3166
1,boy,ɑ,hod,212,241,831,1676,2602
1,boy,ɔ,hawed,242,247,725,1384,2642
1,boy,ɛ,head,184,214,713,2095,3129
1,boy,e,hayed,222,230,534,2690,3335
1,boy,ɝ,heard,227,240,608,1733,2159
1,boy,ɪ,hid,197,263,551,2393,3324
1,boy,i,heed,237,277,554,3022,3541
1,boy,o,hoed,267,250,693,1235,2850
1,boy,ʊ,hood,184,247,553,1495,2868
1,boy,ʌ,hud,205,237,632,1573,2913
1,boy,u,who'd,253,246,502,1540,3176
2,boy,æ,had,359,286,829,2495,3218
2,boy,ɑ,hod,328,276,1020,1555,2742
2,boy,ɔ,hawed,327,263,802,1287,2729
2,boy,ɛ,head,195,284,674,2196,3047
2,boy,e,hayed,324,277,556,2482,3428
2,boy,ɝ,heard,395,283,560,1687,1990
2,boy,ɪ,hid,239,289,563,2608,3476
2,boy,i,heed,317,287,344,3193,3579
2,boy,o,hoed,336,258,557,1106,2808
2,boy,ʊ,hood,253,292,570,1148,2947
2,boy,ʌ,hud,161,269,731,1550,3363
2,boy,u,who'd,327,287,559,1312,2870
3,boy,æ,had,335,214,631,2801,3508
3,boy,ɑ,hod,298,214,982,1823,2865
3,boy,ɔ,hawed,334,207,805,1299,2582
3,boy,ɛ,head,260,191,735,2315,3286
3,boy,e,hayed,286,201,608,2836,3599
3,boy,ɝ,heard,280,199,622,1837,2114
3,boy,ɪ,hid,284,228,571,2689,3572
3,boy,i,heed,277,219,441,3081,3975
3,boy,o,hoed,310,211,624,1456,2933
3,boy,ʊ,hood,247,200,574,1808,2985
3,boy,ʌ,hud,226,210,823,1655,2926
3,boy,u,who'd,304,194,506,2378,2991
4,boy,æ,had,398,239,712,2608,3247
4,boy,ɑ,hod,357,250,932,1874,2994
4,boy,ɔ,hawed,304,244,817,1329,2965
4,boy,ɛ,head,364,245,735,2448,3359
4,boy,e,hayed,323,252,574,2490,3189
4,boy,ɝ,heard,386,230,580,1990,2245
4,boy,ɪ,hid,268,249,513,2447,3454
4,boy,i,heed,318,260,509,2873,3475
4,boy,o,hoed,322,250,685,1128,3181
4,boy,ʊ,hood,343,251,558,1742,3271
4,boy,ʌ,hud,293,241,756,1672,3183
4,boy,u,who'd,292,258,503,1104,3346
5,boy,æ,had,267,200,748,2589,3042
5,boy,ɑ,hod,270,227,1052,1659,3433
5,boy,ɔ,hawed,236,199,780,1236,3360
5,boy,ɛ,head,207,219,787,2176,3307
5,boy,e,hayed,247,215,611,2761,3269
5,boy,ɝ,heard,228,224,573,1562,2227
5,boy,ɪ,hid,209,226,479,2449,3200
5,boy,i,heed,242,244,475,3203,3801
5,boy,o,hoed,247,197,589,1050,3083
5,boy,ʊ,hood,197,218,543,1473,3166
5,boy,ʌ,hud,150,217,637,1424,3328
5,boy,u,who'd,260,240,481,1226,3131
6,boy,æ,had,323,262,769,2203,3126
6,boy,ɑ,hod,294,308,881,1543,3076
6,boy,ɔ,hawed,378,301,891,1383,3039
6,boy,ɛ,head,272,297,867,2054,3227
6,boy,e,hayed,361,320,629,2663,3132
6,boy,ɝ,heard,375,294,612,1645,2306
6,boy,ɪ,hid,268,296,590,2354,3416
6,boy,i,heed,310,307,488,3063,4430
6,boy,o,hoed,311,315,641,1243,3443
6,boy,ʊ,hood,281,305,624,1513,3061
6,boy,ʌ,hud,310,289,822,1489,3281
6,boy,u,who'd,303,330,609,1658,2644
7,boy,æ,had,316,216,870,2281,3077
7,boy,ɑ,hod,340,202,762,1604,2991
7,boy,ɔ,hawed,353,207,610,993,2946
7,boy,ɛ,head,135,205,605,2445,3265
7,boy,e,hayed,285,223,606,2396,3015
7,boy,ɝ,heard,261,208,477,1809,2039
7,boy,ɪ,hid,205,215,447,2784,3287
7,boy,i,heed,241,220,434,3127,3566
7,boy,o,hoed,341,248,554,896,2870
7,boy,ʊ,hood,200,218,469,1097,2801
7,boy,ʌ,hud,242,201,667,1442,2882
7,boy,u,who'd,262,228,440,1124,3117
8,boy,æ,had,245,220,709,2565,3526
8,boy,ɑ,hod,285,230,987,1610,3010
8,boy,ɔ,hawed,313,238,845,1111,3049
8,boy,ɛ,head,193,238,699,2202,3393
8,boy,e,hayed,258,235,555,2377,3123
8,boy,ɝ,heard,262,241,505,1691,2074
8,boy,ɪ,hid,232,239,536,2319,3351
8,boy,i,heed,296,251,501,2760,3262
8,boy,o,hoed,210,237,516,1181,3079
8,boy,ʊ,hood,222,237,615,1345,3346
8,boy,ʌ,hud,228,233,695,1423,3210
8,boy,u,who'd,211,255,503,1119,3100
9,boy,æ,had,396,205,634,2555,3121
9,boy,ɑ,hod,413,209,1123,1640,2684
9,boy,ɔ,hawed,316,208,695,1288,3014
9,boy,ɛ,head,234,218,646,2435,3262
9,boy,e,hayed,314,197,580,2754,3405
9,boy,ɝ,heard,326,220,620,1823,2188
9,boy,ɪ,hid,263,209,529,2649,3280
9,boy,i,heed,266,222,424,3198,3818
9,boy,o,hoed,316,209,623,1241,2770
9,boy,ʊ,hood,259,214,613,1561,2856
9,boy,ʌ,hud,248,203,612,1432,3046
9,boy,u,who'd,275,215,463,1676,2976
10,boy,æ,had,298,209,630,2509,3112
10,boy,ɑ,hod,282,203,832,1602,2551
10,boy,ɔ,hawed,331,194,761,1310,2801
10,boy,ɛ,head,282,214,794,2066,3160
10,boy,e,hayed,309,210,571,2586,3293
10,boy,ɝ,heard,322,211,586,1681,2069
10,boy,ɪ,hid,227,197,522,2387,3297
10,boy,i,heed,254,207,429,2984,3348
10,boy,o,hoed,270,198,591,1168,2769
10,boy,ʊ,hood,271,213,593,1507,2997
10,boy,ʌ,hud,266,213,699,1454,2765
10,boy,u,who'd,246,197,430,1448,2896
11,boy,æ,had,415,252,736,2505,3332
11,boy,ɑ,hod,425,258,968,1808,3600
11,boy,ɔ,hawed,369,251,985,1630,2989
11,boy,ɛ,head,363,249,742,2355,3514
11,boy,e,hayed,357,260,554,2620,3604
11,boy,ɝ,heard,366,263,523,1874,2284
11,boy,ɪ,hid,305,262,548,2592,3485
11,boy,i,heed,349,262,516,3126,3621
11,boy,o,hoed,403,261,716,1206,2864
11,boy,ʊ,hood,325,268,588,1578,3113
11,boy,ʌ,hud,298,254,762,1721,3234
11,boy,u,who'd,313,258,503,1255,3105
12,boy,æ,had,281,216,634,2535,3260
12,boy,ɑ,hod,273,211,933,1694,2860
12,boy,ɔ,hawed,322,210,875,1402,2830
12,boy,ɛ,head,258,227,640,2244,3086
12,boy,e,hayed,280,242,532,2673,3363
12,boy,ɝ,heard,255,193,574,1751,2078
12,boy,ɪ,hid,253,223,491,2409,3166
12,boy,i,heed,234,239,476,2772,3371
12,boy,o,hoed,259,218,586,1217,3041
12,boy,ʊ,hood,244,227,626,1578,2786
12,boy,ʌ,hud,250,211,639,1454,3098
12,boy,u,who'd,233,209,435,1312,2715
13,boy,æ,had,314,198,697,2418,3371
13,boy,ɑ,hod,263,201,998,1560,2745
13,boy,ɔ,hawed,243,206,950,1246,2853
13,boy,ɛ,head,168,200,806,2172,3430
13,boy,e,hayed,260,203,436,2658,3519
13,boy,ɝ,heard,283,213,619,1498,1696
13,boy,ɪ,hid,177,221,470,2505,3377
13,boy,i,heed,327,203,421,3337,3578
13,boy,o,hoed,263,203,623,1044,3142
13,boy,ʊ,hood,179,212,494,1245,3037
13,boy,ʌ,hud,215,210,697,1305,3167
13,boy,u,who'd,263,206,418,940,2567
14,boy,æ,had,382,272,607,2620,3350
14,boy,ɑ,hod,340,287,871,2042,3410
14,boy,ɔ,hawed,312,258,750,1251,3003
14,boy,ɛ,head,312,279,734,2242,3601
14,boy,e,hayed,382,262,558,2643,3216
14,boy,ɝ,heard,371,281,562,1682,1981
14,boy,ɪ,hid,255,287,564,2515,3537
14,boy,i,heed,329,259,446,3011,3587
14,boy,o,hoed,394,282,562,1051,3094
14,boy,ʊ,hood,329,291,570,1423,3457
14,boy,ʌ,hud,307,280,654,1517,3466
14,boy,u,who'd,324,282,548,1123,3152
15,boy,æ,had,367,187,753,2227,3064
15,boy,ɑ,hod,364,187,859,1608,2789
15,boy,ɔ,hawed,367,201,819,1074,2918
15,boy,ɛ,head,291,202,616,2356,3200
15,boy,e,hayed,346,193,564,2523,3286
15,boy,ɝ,heard,334,200,591,1626,2051
15,boy,ɪ,hid,290,198,562,2549,3101
15,boy,i,heed,324,207,428,3070,3604
15,boy,o,hoed,315,217,588,1063,3228
15,boy,ʊ,hood,261,202,615,1397,3109
15,boy,ʌ,hud,300,183,739,1411,3122
15,boy,u,who'd,274,241,491,1467,2936
16,boy,æ,had,352,246,726,2231,2932
16,boy,ɑ,hod,327,245,898,1544,2862
16,boy,ɔ,hawed,315,264,744,1093,2898
16,boy,ɛ,head,189,241,749,1869,3107
16,boy,e,hayed,245,250,499,2356,2983
16,boy,ɝ,heard,304,247,556,1741,2245
16,boy,ɪ,hid,276,252,499,2230,3249
16,boy,i,heed,331,259,493,2811,3481
16,boy,o,hoed,290,269,581,1115,2924
16,boy,ʊ,hood,247,263,508,1245,2885
16,boy,ʌ,hud,239,257,696,1297,2881
16,boy,u,who'd,228,262,505,1296,2619
17,boy,æ,had,307,249,741,2444,3043
17,boy,ɑ,hod,281,254,1010,1705,2753
17,boy,ɔ,hawed,269,249,808,1467,2997
17,boy,ɛ,head,195,241,710,1993,3268
17,boy,e,hayed,265,257,621,2476,3195
17,boy,ɝ,heard,304,272,559,1828,2163
17,boy,ɪ,hid,196,264,535,2190,2998
17,boy,i,heed,269,285,504,2803,3130
17,boy,o,hoed,260,257,613,1236,2766
17,boy,ʊ,hood,189,236,563,1585,2841
17,boy,ʌ,hud,233,266,780,1428,3070
17,boy,u,who'd,269,278,548,1377,2702
18,boy,æ,had,312,209,674,2663,3243
18,boy,ɑ,hod,292,218,951,1982,2807
18,boy,ɔ,hawed,294,222,820,1356,2700
18,boy,ɛ,head,227,203,632,2431,3091
18,boy,e,hayed,285,222,652,2661,3448
18,boy,ɝ,heard,278,217,571,1984,2206
18,boy,ɪ,hid,263,212,520,2695,3373
18,boy,i,heed,288,228,442,3135,3610
18,boy,o,hoed,335,185,548,1062,2926
18,boy,ʊ,hood,294,252,578,1574,3026
18,boy,ʌ,hud,241,235,754,1742,3002
18,boy,u,who'd,270,281,550,1114,3012
19,boy,æ,had,352,205,769,2234,2910
19,boy,ɑ,hod,363,226,1010,1604,2588
19,boy,ɔ,hawed,376,240,831,1193,2566
19,boy,ɛ,head,274,204,642,2015,2916
19,boy,e,hayed,465,232,463,2745,3155
19,boy,ɝ,heard,378,247,495,1555,1948
19,boy,ɪ,hid,300,257,506,2432,3008
19,boy,i,heed,398,247,427,2952,3556
19,boy,o,hoed,397,243,584,936,2679
19,boy,ʊ,hood,270,221,531,1540,2931
19,boy,ʌ,hud,254,212,632,1352,2740
19,boy,u,who'd,320,260,504,997,2826
20,boy,æ,had,256,229,678,2524,3418
20,boy,ɑ,hod,350,263,854,1518,2988
20,boy,ɔ,hawed,384,249,746,1309,2957
20,boy,ɛ,head,212,242,699,2169,3243
20,boy,e,hayed,322,250,558,2559,3311
20,boy,ɝ,heard,336,259,678,1594,2048
20,boy,ɪ,hid,187,231,489,2544,3720
20,boy,i,heed,325,260,475,2916,3399
20,boy,o,hoed,370,257,588,1117,2848
20,boy,ʊ,hood,232,237,627,1703,2883
20,boy,ʌ,hud,296,255,746,1552,3044
20,boy,u,who'd,243,256,504,1515,2952
21,boy,æ,had,346,267,809,2592,3331
21,boy,ɑ,hod,292,277,1119,1588,3010
21,boy,ɔ,hawed,313,268,765,1067,3266
21,boy,ɛ,head,238,270,1057,2426,3441
21,boy,e,hayed,336,271,586,2720,3446
21,boy,ɝ,heard,332,246,614,1867,2435
21,boy,ɪ,hid,205,276,559,2753,3502
21,boy,i,heed,277,293,366,3207,3722
21,boy,o,hoed,314,274,557,1065,3040
21,boy,ʊ,hood,206,277,561,1627,3037
21,boy,ʌ,hud,219,282,863,1566,3134
21,boy,u,who'd,251,283,557,1288,3111
22,boy,æ,had,216,206,545,2690,2959
22,boy,ɑ,hod,238,228,1205,1605,2708
22,boy,ɔ,hawed,196,203,770,1010,2411
22,boy,ɛ,head,165,212,744,2227,2966
22,boy,e,hayed,199,212,613,2593,3103
22,boy,ɝ,heard,270,248,568,1512,1783
22,boy,ɪ,hid,137,229,447,2645,3302
22,boy,i,heed,205,213,424,3199,3815
22,boy,o,hoed,216,212,615,1093,2691
22,boy,ʊ,hood,169,237,493,1248,2751
22,boy,ʌ,hud,158,213,685,1485,2679
22,boy,u,who'd,214,221,438,1336,3117
23,boy,æ,had,284,223,669,2440,2915
23,boy,ɑ,hod,295,220,872,1565,2531
23,boy,ɔ,hawed,340,213,839,1240,2636
23,boy,ɛ,head,215,232,692,2354,3179
23,boy,e,hayed,294,219,441,2585,3014
23,boy,ɝ,heard,277,227,488,1584,1810
23,boy,ɪ,hid,249,212,479,2492,3187
23,boy,i,heed,309,239,382,2987,3320
23,boy,o,hoed,292,223,625,1100,2747
23,boy,ʊ,hood,254,238,512,1260,2826
23,boy,ʌ,hud,223,220,688,1251,2795
23,boy,u,who'd,286,219,436,1170,2661
24,boy,æ,had,451,220,643,2434,3326
24,boy,ɑ,hod,314,210,776,1490,2730
24,boy,ɔ,hawed,362,220,635,1163,3053
24,boy,ɛ,head,331,217,668,2106,3353
24,boy,e,hayed,426,233,654,2549,3427
24,boy,ɝ,heard,347,224,479,1579,1963
24,boy,ɪ,hid,316,218,481,2567,3550
24,boy,i,heed,342,218,441,3079,3474
24,boy,o,hoed,338,215,646,1244,3023
24,boy,ʊ,hood,303,227,546,1254,3333
24,boy,ʌ,hud,292,216,670,1538,3264
24,boy,u,who'd,320,235,449,916,3002
25,boy,æ,had,243,211,634,2410,3303
25,boy,ɑ,hod,270,223,1147,1553,2877
25,boy,ɔ,hawed,250,215,792,1268,2988
25,boy,ɛ,head,192,231,699,2194,3317
25,boy,e,hayed,293,239,494,2823,3444
25,boy,ɝ,heard,251,211,615,1742,2009
25,boy,ɪ,hid,174,230,551,2362,3354
25,boy,i,heed,241,239,410,2874,3505
25,boy,o,hoed,264,225,658,1272,2944
25,boy,ʊ,hood,174,211,622,1417,2993
25,boy,ʌ,hud,172,214,763,1522,2931
25,boy,u,who'd,233,254,495,1283,3033
26,boy,æ,had,284,227,676,2253,3121
26,boy,ɑ,hod,271,221,1065,1483,2723
26,boy,ɔ,hawed,267,216,640,929,2654
26,boy,ɛ,head,210,221,680,2187,3099
26,boy,e,hayed,309,239,510,2438,3126
26,boy,ɝ,heard,263,220,457,1570,1926
26,boy,ɪ,hid,194,240,490,2449,3330
26,boy,i,heed,268,240,361,2938,3810
26,boy,o,hoed,293,224,616,1047,2669
26,boy,ʊ,hood,213,239,492,1200,2622
26,boy,ʌ,hud,212,206,667,1400,3017
26,boy,u,who'd,255,216,434,1297,2694
27,boy,æ,had,291,212,860,2503,3002
27,boy,ɑ,hod,285,227,944,1540,2896
27,boy,ɔ,hawed,305,214,941,1409,2729
27,boy,ɛ,head,212,231,856,2304,2916
27,boy,e,hayed,289,236,655,2772,3180
27,boy,ɝ,heard,390,250,614,1733,2034
27,boy,ɪ,hid,294,243,503,2433,3150
27,boy,i,heed,269,255,366,3024,3867
27,boy,o,hoed,267,241,578,1122,2833
27,boy,ʊ,hood,221,233,684,1623,3019
27,boy,ʌ,hud,243,234,778,1422,3266
27,boy,u,who'd,302,249,498,1509,2866
28,girl,æ,had,295,242,741,2433,3341
28,girl,ɑ,hod,276,238,894,1420,2828
28,girl,ɔ,hawed,349,240,867,1292,3296
28,girl,ɛ,head,202,227,653,2241,3167
28,girl,e,hayed,320,243,496,2670,3256
28,girl,ɝ,heard,297,228,556,1687,2002
28,girl,ɪ,hid,233,240,495,2574,3362
28,girl,i,heed,314,222,389,3068,3544
28,girl,o,hoed,263,251,571,1243,2854
28,girl,ʊ,hood,224,243,499,1440,2980
28,girl,ʌ,hud,200,247,740,1502,3001
28,girl,u,who'd,327,251,500,1724,2988
29,girl,æ,had,283,196,729,2878,3792
29,girl,ɑ,hod,298,208,1312,1820,3308
29,girl,ɔ,hawed,249,217,875,1501,3294
29,girl,ɛ,head,218,188,928,2254,3612
29,girl,e,hayed,286,211,648,2788,3723
29,girl,ɝ,heard,258,223,620,1750,2165
29,girl,ɪ,hid,197,258,557,2634,3691
29,girl,i,heed,248,246,498,3451,4100
29,girl,o,hoed,295,230,683,1038,3200
29,girl,ʊ,hood,206,228,639,1518,3253
29,girl,ʌ,hud,215,220,882,1623,3434
29,girl,u,who'd,236,188,435,1059,3389
30,girl,æ,had,385,255,932,2523,3644
30,girl,ɑ,hod,324,246,1007,1742,2982
30,girl,ɔ,hawed,430,244,885,1415,3196
30,girl,ɛ,head,277,245,802,2427,3488
30,girl,e,hayed,350,266,561,2663,3550
30,girl,ɝ,heard,359,285,564,2003,2349
30,girl,ɪ,hid,313,271,558,2427,3502
30,girl,i,heed,324,294,463,3225,3699
30,girl,o,hoed,380,282,583,1352,3140
30,girl,ʊ,hood,367,271,564,1613,3065
30,girl,ʌ,hud,275,268,784,1614,3392
30,girl,u,who'd,300,288,556,1736,3005
31,girl,æ,had,456,227,682,2638,3510
31,girl,ɑ,hod,375,204,978,1817,2843
31,girl,ɔ,hawed,368,210,882,1309,2834
31,girl,ɛ,head,328,226,809,2265,3309
31,girl,e,hayed,321,220,638,2553,3348
31,girl,ɝ,heard,348,223,601,1791,2612
31,girl,ɪ,hid,323,219,441,2728,3285
31,girl,i,heed,305,239,475,3320,3761
31,girl,o,hoed,380,239,678,1306,3202
31,girl,ʊ,hood,375,225,504,1440,3000
31,girl,ʌ,hud,290,225,897,1494,2960
31,girl,u,who'd,378,219,437,1733,3208
32,girl,æ,had,292,222,799,2397,3125
32,girl,ɑ,hod,275,225,1026,1544,2536
32,girl,ɔ,hawed,300,224,888,1266,2632
32,girl,ɛ,head,174,222,660,2223,3354
32,girl,e,hayed,261,225,542,2755,3283
32,girl,ɝ,heard,299,224,632,1689,2154
32,girl,ɪ,hid,150,236,488,2623,3549
32,girl,i,heed,230,250,478,2997,3755
32,girl,o,hoed,268,226,483,903,2954
32,girl,ʊ,hood,234,254,545,1307,3032
32,girl,ʌ,hud,218,238,754,1430,3034
32,girl,u,who'd,246,256,480,1011,2574
33,girl,æ,had,341,242,722,2418,3017
33,girl,ɑ,hod,384,227,843,1803,2562
33,girl,ɔ,hawed,342,233,697,1358,2263
33,girl,ɛ,head,284,230,649,2268,2827
33,girl,e,hayed,421,242,544,2444,2605
33,girl,ɝ,heard,365,237,585,1694,2278
33,girl,ɪ,hid,311,252,506,2432,3262
33,girl,i,heed,386,250,457,2776,4268
33,girl,o,hoed,442,241,492,927,2671
33,girl,ʊ,hood,186,249,507,1720,2978
33,girl,ʌ,hud,286,234,620,1579,2861
33,girl,u,who'd,367,255,503,821,2874
34,girl,æ,had,384,266,695,2704,3731
34,girl,ɑ,hod,407,249,993,2000,3174
34,girl,ɔ,hawed,377,270,787,1234,2924
34,girl,ɛ,head,294,244,741,2418,3665
34,girl,e,hayed,438,257,513,2881,3667
34,girl,ɝ,heard,346,260,540,1571,2167
34,girl,ɪ,hid,378,261,517,2619,3499
34,girl,i,heed,390,263,507,3319,3823
34,girl,o,hoed,309,259,536,789,2863
34,girl,ʊ,hood,292,271,585,1636,2941
34,girl,ʌ,hud,303,242,695,1832,3000
34,girl,u,who'd,315,271,540,1653,2799
35,girl,æ,had,382,265,758,2373,3327
35,girl,ɑ,hod,321,245,1197,1734,3187
35,girl,ɔ,hawed,425,301,932,1445,3107
35,girl,ɛ,head,292,238,763,2393,3241
35,girl,e,hayed,364,258,536,2859,3507
35,girl,ɝ,heard,413,286,573,1748,2245
35,girl,ɪ,hid,308,264,515,2828,3627
35,girl,i,heed,399,294,503,3256,4056
35,girl,o,hoed,423,275,561,1151,2996
35,girl,ʊ,hood,284,294,595,1737,3235
35,girl,ʌ,hud,248,262,756,1579,3388
35,girl,u,who'd,307,303,568,1508,2987
36,girl,æ,had,311,237,946,2540,3229
36,girl,ɑ,hod,282,218,855,1845,3055
36,girl,ɔ,hawed,285,226,893,1563,3131
36,girl,ɛ,head,278,227,816,2404,3448
36,girl,e,hayed,310,236,740,2651,3049
36,girl,ɝ,heard,320,212,631,1722,2140
36,girl,ɪ,hid,241,257,518,2870,3681
36,girl,i,heed,292,222,456,3389,4027
36,girl,o,hoed,338,238,630,1491,3010
36,girl,ʊ,hood,268,229,667,1446,3220
36,girl,ʌ,hud,222,229,880,1680,3280
36,girl,u,who'd,318,216,460,1422,3099
37,girl,æ,had,353,230,648,2334,2834
37,girl,ɑ,hod,298,240,1047,1488,2879
37,girl,ɔ,hawed,380,232,898,1359,2850
37,girl,ɛ,head,227,226,793,2228,3560
37,girl,e,hayed,315,240,494,2676,3280
37,girl,ɝ,heard,296,233,671,1556,2302
37,girl,ɪ,hid,250,226,499,2437,3758
37,girl,i,heed,282,238,465,2875,3699
37,girl,o,hoed,363,232,455,923,3258
37,girl,ʊ,hood,310,219,627,1515,3034
37,girl,ʌ,hud,227,226,701,1563,3058
37,girl,u,who'd,324,238,460,1291,3010
38,girl,æ,had,322,240,730,2668,3564
38,girl,ɑ,hod,317,200,1154,1932,3044
38,girl,ɔ,hawed,323,241,952,1665,3063
38,girl,ɛ,head,250,236,762,2349,3484
38,girl,e,hayed,293,262,594,2733,3413
38,girl,ɝ,heard,270,253,627,1780,2415
38,girl,ɪ,hid,240,242,533,2762,3466
38,girl,i,heed,304,212,436,3340,3862
38,girl,o,hoed,237,225,637,1142,3360
38,girl,ʊ,hood,214,259,571,1819,3274
38,girl,ʌ,hud,226,248,796,1669,3254
38,girl,u,who'd,273,276,540,1998,3104
39,girl,æ,had,301,251,752,2501,3450
39,girl,ɑ,hod,334,241,931,1749,3205
39,girl,ɔ,hawed,339,234,823,1356,3419
39,girl,ɛ,head,250,263,759,2488,3502
39,girl,e,hayed,345,258,550,2780,3468
39,girl,ɝ,heard,288,273,561,1692,2358
39,girl,ɪ,hid,273,257,508,2642,3494
39,girl,i,heed,396,278,464,3104,3692
39,girl,o,hoed,351,251,502,960,3274
39,girl,ʊ,hood,269,279,563,1577,3159
39,girl,ʌ,hud,232,229,738,1626,3315
39,girl,u,who'd,286,273,527,1407,3253
40,girl,æ,had,306,194,717,2313,3150
40,girl,ɑ,hod,308,189,954,1472,2844
40,girl,ɔ,hawed,332,214,854,1109,2960
40,girl,ɛ,head,297,211,621,2275,3146
40,girl,e,hayed,351,222,564,2455,3100
40,girl,ɝ,heard,312,215,603,1663,1983
40,girl,ɪ,hid,311,216,435,2623,3084
40,girl,i,heed,320,220,432,2688,3161
40,girl,o,hoed,330,240,499,992,3121
40,girl,ʊ,hood,314,245,498,1491,2924
40,girl,ʌ,hud,259,208,633,1454,2986
40,girl,u,who'd,304,239,486,968,2756
41,girl,æ,had,354,226,888,2605,3651
41,girl,ɑ,hod,299,233,1316,1752,3113
41,girl,ɔ,hawed,360,239,894,1366,3371
41,girl,ɛ,head,266,226,880,2638,3567
41,girl,e,hayed,386,237,497,2804,3315
41,girl,ɝ,heard,331,248,707,1706,2245
41,girl,ɪ,hid,337,244,497,2684,3546
41,girl,i,heed,357,251,477,3266,3889
41,girl,o,hoed,382,243,577,1217,3225
41,girl,ʊ,hood,298,233,597,1599,3270
41,girl,ʌ,hud,302,247,684,1732,3241
41,girl,u,who'd,368,244,496,1739,2873
42,girl,æ,had,308,208,727,2394,3320
42,girl,ɑ,hod,304,248,911,1624,3230
42,girl,ɔ,hawed,291,233,757,1242,3288
42,girl,ɛ,head,204,249,755,2137,3384
42,girl,e,hayed,280,258,575,2502,3445
42,girl,ɝ,heard,269,225,667,1688,2246
42,girl,ɪ,hid,212,243,504,2408,3422
42,girl,i,heed,266,273,466,3004,3634
42,girl,o,hoed,262,267,785,1551,3138
42,girl,ʊ,hood,188,236,643,1860,3306
42,girl,ʌ,hud,215,256,782,1622,3171
42,girl,u,who'd,245,236,490,2179,3131
43,girl,æ,had,317,219,591,2632,3497
43,girl,ɑ,hod,416,214,1033,1929,3428
43,girl,ɔ,hawed,441,215,1062,1475,3233
43,girl,ɛ,head,258,205,533,2480,3378
43,girl,e,hayed,325,209,570,3256,3584
43,girl,ɝ,heard,287,219,611,2033,2522
43,girl,ɪ,hid,267,212,557,2664,3468
43,girl,i,heed,343,222,436,3443,3843
43,girl,o,hoed,300,221,568,1096,2991
43,girl,ʊ,hood,211,217,556,1558,3490
43,girl,ʌ,hud,226,207,744,1854,3360
43,girl,u,who'd,315,214,435,1829,3316
44,girl,æ,had,238,248,747,2703,3829
44,girl,ɑ,hod,220,235,1129,2005,2826
44,girl,ɔ,hawed,218,221,1090,1465,2981
44,girl,ɛ,head,222,229,868,2318,3567
44,girl,e,hayed,223,234,618,2752,4040
44,girl,ɝ,heard,197,236,670,1899,2323
44,girl,ɪ,hid,168,236,550,2625,3774
44,girl,i,heed,193,237,479,3093,3755
44,girl,o,hoed,222,234,688,1197,3184
44,girl,ʊ,hood,155,237,682,1571,3394
44,girl,ʌ,hud,184,227,885,1629,3430
44,girl,u,who'd,192,243,497,1334,3067
45,girl,æ,had,290,227,672,2484,3492
45,girl,ɑ,hod,259,234,1145,1655,3062
45,girl,ɔ,hawed,274,246,998,1368,3282
45,girl,ɛ,head,228,228,882,2524,3555
45,girl,e,hayed,294,249,540,2687,3504
45,girl,ɝ,heard,286,230,627,1628,2058
45,girl,ɪ,hid,220,234,489,2730,3763
45,girl,i,heed,243,232,469,3278,4165
45,girl,o,hoed,317,213,622,1223,3380
45,girl,ʊ,hood,241,239,512,1644,3483
45,girl,ʌ,hud,210,248,1045,1609,3456
45,girl,u,who'd,248,248,498,1740,3291
46,girl,æ,had,250,227,555,2569,3424
46,girl,ɑ,hod,186,215,1021,1720,3186
46,girl,ɔ,hawed,259,218,1001,1488,3149
46,girl,ɛ,head,227,230,733,2421,3250
46,girl,e,hayed,259,235,558,2533,3224
46,girl,ɝ,heard,262,225,620,1689,2361
46,girl,ɪ,hid,170,226,444,2846,3518
46,girl,i,heed,258,238,472,3120,3574
46,girl,o,hoed,246,222,643,1262,3194
46,girl,ʊ,hood,179,243,575,1580,3509
46,girl,ʌ,hud,177,229,646,1578,3366
46,girl,u,who'd,227,225,446,1533,3269
47,man,æ,had,323,174,663,2012,2659
47,man,ɑ,hod,316,159,813,1283,2687
47,man,ɔ,hawed,330,177,699,996,2548
47,man,ɛ,head,266,171,609,1980,2678
47,man,e,hayed,319,166,494,2113,2700
47,man,ɝ,heard,324,175,506,1418,1849
47,man,ɪ,hid,268,179,370,2161,2757
47,man,i,heed,339,172,328,2418,2939
47,man,o,hoed,369,169,509,989,2561
47,man,ʊ,hood,255,169,450,995,2519
47,man,ʌ,hud,292,171,670,1178,2566
47,man,u,who'd,281,184,374,931,2433
48,man,æ,had,250,102,628,1871,2477
48,man,ɑ,hod,249,101,749,1060,2842
48,man,ɔ,hawed,289,106,644,856,2627
48,man,ɛ,head,167,103,517,1917,2438
48,man,e,hayed,261,105,438,2196,2480
48,man,ɝ,heard,296,111,457,1406,1685
48,man,ɪ,hid,183,111,384,2039,2523
48,man,i,heed,236,108,305,2320,3072
48,man,o,hoed,261,105,519,891,2532
48,man,ʊ,hood,174,112,424,992,2249
48,man,ʌ,hud,173,105,642,998,2682
48,man,u,who'd,257,114,319,938,2091
49,man,æ,had,344,99,605,1812,2570
49,man,ɑ,hod,373,97,755,1133,2695
49,man,ɔ,hawed,355,93,647,926,2785
49,man,ɛ,head,284,95,559,1695,2413
49,man,e,hayed,353,91,438,2026,2476
49,man,ɝ,heard,368,94,479,1252,1621
49,man,ɪ,hid,262,101,411,1932,2569
49,man,i,heed,315,96,331,2311,2865
49,man,o,hoed,417,96,496,863,2548
49,man,ʊ,hood,275,96,489,1059,2567
49,man,ʌ,hud,297,96,622,1075,2622
49,man,u,who'd,420,101,360,953,2505
50,man,æ,had,312,124,627,1910,2488
50,man,ɑ,hod,302,127,832,1222,2624
50,man,ɔ,hawed,347,131,694,970,2746
50,man,ɛ,head,229,127,698,1580,2492
50,man,e,hayed,253,134,493,2102,2839
50,man,ɝ,heard,332,134,460,1473,1764
50,man,ɪ,hid,227,135,441,2045,2694
50,man,i,heed,240,134,353,2385,3400
50,man,o,hoed,300,146,441,862,2455
50,man,ʊ,hood,210,134,522,1123,2538
50,man,ʌ,hud,211,131,650,1036,2697
50,man,u,who'd,288,144,422,1299,2347
51,man,æ,had,254,115,647,1864,2561
51,man,ɑ,hod,230,112,871,1204,2595
51,man,ɔ,hawed,250,115,740,999,2691
51,man,ɛ,head,177,115,555,1851,2624
51,man,e,hayed,241,120,497,2024,2677
51,man,ɝ,heard,217,117,489,1338,1747
51,man,ɪ,hid,159,115,441,2080,2721
51,man,i,heed,241,122,367,2390,2777
51,man,o,hoed,263,114,524,1000,2432
51,man,ʊ,hood,147,117,468,1115,2492
51,man,ʌ,hud,169,117,629,1146,2643
51,man,u,who'd,231,120,366,919,2378
52,man,æ,had,254,96,582,1999,2567
52,man,ɑ,hod,265,98,786,1341,2403
52,man,ɔ,hawed,292,96,642,949,2437
52,man,ɛ,head,197,104,571,1926,2615
52,man,e,hayed,281,100,555,2174,2900
52,man,ɝ,heard,272,96,493,1270,1633
52,man,ɪ,hid,190,108,363,2269,2935
52,man,i,heed,259,101,346,2379,3217
52,man,o,hoed,266,94,515,1126,2455
52,man,ʊ,hood,197,92,442,1176,2435
52,man,ʌ,hud,185,90,651,1176,2564
52,man,u,who'd,231,113,326,997,2384
53,man,æ,had,289,122,602,1880,2539
53,man,ɑ,hod,302,115,748,1293,2446
53,man,ɔ,hawed,294,120,651,1033,2477
53,man,ɛ,head,239,126,582,1768,2463
53,man,e,hayed,328,133,529,1974,2638
53,man,ɝ,heard,282,131,501,1334,1611
53,man,ɪ,hid,235,131,390,1948,2566
53,man,i,heed,298,164,312,2402,2849
53,man,o,hoed,285,125,500,868,2552
53,man,ʊ,hood,241,132,486,1116,2563
53,man,ʌ,hud,242,132,626,1159,2643
53,man,u,who'd,239,126,382,1058,2334
54,man,æ,had,339,120,545,1872,2630
54,man,ɑ,hod,330,122,738,1394,2522
54,man,ɔ,hawed,342,123,620,1068,2634
54,man,ɛ,head,239,120,560,1697,2663
54,man,e,hayed,318,122,446,1918,2674
54,man,ɝ,heard,342,137,466,1377,1616
54,man,ɪ,hid,221,132,385,1843,2696
54,man,i,heed,341,129,355,2049,2921
54,man,o,hoed,340,134,503,950,2680
54,man,ʊ,hood,238,125,442,1205,2580
54,man,ʌ,hud,203,121,602,1336,2690
54,man,u,who'd,296,136,384,1234,2418
55,man,æ,had,282,153,552,2027,2737
55,man,ɑ,hod,271,152,763,1147,2840
55,man,ɔ,hawed,296,151,637,923,2722
55,man,ɛ,head,186,154,594,1716,2678
55,man,e,hayed,273,151,439,2067,2708
55,man,ɝ,heard,249,154,459,1367,1716
55,man,ɪ,hid,186,153,440,1954,2587
55,man,i,heed,223,163,320,2300,3038
55,man,o,hoed,269,153,476,1016,2502
55,man,ʊ,hood,196,157,485,1086,2556
55,man,ʌ,hud,183,157,658,1410,2720
55,man,u,who'd,237,156,338,1087,2515
56,man,æ,had,319,136,629,1871,2574
56,man,ɑ,hod,321,148,829,1444,2241
56,man,ɔ,hawed,363,162,695,1108,2384
56,man,ɛ,head,261,146,569,1709,2502
56,man,e,hayed,360,141,433,2082,2620
56,man,ɝ,heard,340,140,438,1387,1716
56,man,ɪ,hid,301,163,470,1959,2697
56,man,i,heed,323,160,315,2253,2886
56,man,o,hoed,374,149,496,867,2380
56,man,ʊ,hood,275,151,472,1296,2273
56,man,ʌ,hud,295,155,619,1241,2455
56,man,u,who'd,327,161,319,936,2187
57,man,æ,had,279,100,685,1807,2611
57,man,ɑ,hod,256,104,825,1429,2701
57,man,ɔ,hawed,283,104,664,1024,2639
57,man,ɛ,head,203,99,577,1811,2559
57,man,e,hayed,243,95,439,2126,2762
57,man,ɝ,heard,268,110,439,1220,1681
57,man,ɪ,hid,164,109,411,2034,2795
57,man,i,heed,229,106,327,2257,2943
57,man,o,hoed,268,104,486,826,2631
57,man,ʊ,hood,208,113,459,1036,2625
57,man,ʌ,hud,172,107,636,1153,2756
57,man,u,who'd,240,116,371,793,2719
58,man,æ,had,272,106,559,1983,2560
58,man,ɑ,hod,278,100,737,1298,2323
58,man,ɔ,hawed,248,108,664,1043,2575
58,man,ɛ,head,231,110,570,1824,2627
58,man,e,hayed,256,109,495,2166,2668
58,man,ɝ,heard,287,106,506,1464,1672
58,man,ɪ,hid,249,121,444,2154,2659
58,man,i,heed,256,106,329,2514,3073
58,man,o,hoed,269,107,491,1065,2383
58,man,ʊ,hood,203,116,446,1298,2275
58,man,ʌ,hud,227,105,631,1133,2560
58,man,u,who'd,260,115,379,1123,2383
59,man,æ,had,212,138,544,1819,2511
59,man,ɑ,hod,192,145,679,1208,2630
59,man,ɔ,hawed,223,142,628,1069,2689
59,man,ɛ,head,156,144,546,1750,2509
59,man,e,hayed,218,143,482,1904,2526
59,man,ɝ,heard,204,147,439,1387,1746
59,man,ɪ,hid,134,145,424,1913,2556
59,man,i,heed,179,142,311,2274,2510
59,man,o,hoed,214,142,434,862,2561
59,man,ʊ,hood,150,145,438,1177,2478
59,man,ʌ,hud,146,147,573,1152,2604
59,man,u,who'd,183,148,382,994,2372
60,man,æ,had,257,135,685,1592,2308
60,man,ɑ,hod,243,132,689,1064,2303
60,man,ɔ,hawed,278,142,634,987,2305
60,man,ɛ,head,181,138,554,1790,2469
60,man,e,hayed,259,148,435,2013,2506
60,man,ɝ,heard,256,140,429,1389,1830
60,man,ɪ,hid,169,145,419,2076,2602
60,man,i,heed,261,165,322,2282,2746
60,man,o,hoed,272,146,439,699,2107
60,man,ʊ,hood,178,148,438,979,2187
60,man,ʌ,hud,176,152,663,1166,2177
60,man,u,who'd,210,174,339,860,2013
61,man,æ,had,264,133,514,2031,2815
61,man,ɑ,hod,342,135,702,1364,2498
61,man,ɔ,hawed,320,146,662,1001,2744
61,man,ɛ,head,170,131,608,1831,2694
61,man,e,hayed,338,151,445,2268,2798
61,man,ɝ,heard,298,139,504,1386,1813
61,man,ɪ,hid,179,142,491,1958,2782
61,man,i,heed,273,143,364,2366,3042
61,man,o,hoed,337,138,454,745,2623
61,man,ʊ,hood,166,158,481,1094,2623
61,man,ʌ,hud,193,147,610,1168,2529
61,man,u,who'd,264,147,415,1016,2465
62,man,æ,had,244,149,612,1937,2605
62,man,ɑ,hod,269,148,811,1355,2599
62,man,ɔ,hawed,274,154,653,1020,2810
62,man,ɛ,head,185,151,562,1816,2707
62,man,e,hayed,246,156,492,2195,2786
62,man,ɝ,heard,243,154,505,1330,1929
62,man,ɪ,hid,194,159,486,2061,2719
62,man,i,heed,232,160,350,2462,2921
62,man,o,hoed,247,157,566,997,2748
62,man,ʊ,hood,222,163,499,1127,2684
62,man,ʌ,hud,183,154,637,1295,2757
62,man,u,who'd,226,165,455,1181,2616
63,man,æ,had,286,140,544,2114,2971
63,man,ɑ,hod,272,135,744,1489,2586
63,man,ɔ,hawed,287,138,648,1013,2473
63,man,ɛ,head,199,137,583,1757,2852
63,man,e,hayed,237,141,535,2004,2939
63,man,ɝ,heard,356,156,457,1437,1648
63,man,ɪ,hid,221,139,433,2012,2855
63,man,i,heed,263,161,314,2368,3378
63,man,o,hoed,319,133,534,1002,2293
63,man,ʊ,hood,237,144,438,1181,2381
63,man,ʌ,hud,189,138,623,1163,2555
63,man,u,who'd,284,156,370,889,2324
64,man,æ,had,252,108,556,1854,2679
64,man,ɑ,hod,206,114,758,1363,2421
64,man,ɔ,hawed,253,107,631,1019,2219
64,man,ɛ,head,138,128,615,1624,2265
64,man,e,hayed,196,126,382,2035,2513
64,man,ɝ,heard,185,122,463,1371,1684
64,man,ɪ,hid,145,123,418,1964,2432
64,man,i,heed,153,129,328,2123,3444
64,man,o,hoed,204,127,499,859,2080
64,man,ʊ,hood,147,119,451,1106,2195
64,man,ʌ,hud,139,120,593,1254,2302
64,man,u,who'd,196,116,372,1010,2136
65,man,æ,had,249,119,619,2023,2716
65,man,ɑ,hod,287,115,784,1345,2522
65,man,ɔ,hawed,316,120,688,1139,2549
65,man,ɛ,head,184,122,630,1786,2637
65,man,e,hayed,251,121,499,2068,2676
65,man,ɝ,heard,256,120,491,1455,1896
65,man,ɪ,hid,220,128,452,2062,2736
65,man,i,heed,251,127,372,2280,2710
65,man,o,hoed,287,119,520,987,2573
65,man,ʊ,hood,173,124,470,1202,2555
65,man,ʌ,hud,226,122,622,1155,2606
65,man,u,who'd,275,128,387,1123,2426
66,man,æ,had,274,112,601,1997,2499
66,man,ɑ,hod,278,107,802,1297,2765
66,man,ɔ,hawed,292,111,696,983,2603
66,man,ɛ,head,227,111,629,1810,2639
66,man,e,hayed,311,116,477,2110,2563
66,man,ɝ,heard,274,117,504,1173,1595
66,man,ɪ,hid,207,113,463,2018,2688
66,man,i,heed,265,121,367,2244,3042
66,man,o,hoed,279,117,461,801,2442
66,man,ʊ,hood,204,121,503,1058,2518
66,man,ʌ,hud,202,114,617,1071,2685
66,man,u,who'd,230,132,389,959,2441
67,man,æ,had,270,120,572,2072,2648
67,man,ɑ,hod,258,131,803,1234,2430
67,man,ɔ,hawed,248,127,691,1111,2439
67,man,ɛ,head,153,119,624,1909,2773
67,man,e,hayed,274,131,529,2114,2731
67,man,ɝ,heard,258,134,513,1342,1965
67,man,ɪ,hid,202,138,501,1971,2734
67,man,i,heed,241,133,381,2515,3059
67,man,o,hoed,233,126,543,1009,2326
67,man,ʊ,hood,210,131,504,1318,2491
67,man,ʌ,hud,201,130,628,1223,2609
67,man,u,who'd,239,147,435,1137,2395
68,man,æ,had,301,115,546,1820,2548
68,man,ɑ,hod,256,116,683,1238,2428
68,man,ɔ,hawed,249,109,587,941,2371
68,man,ɛ,head,190,109,559,1755,2514
68,man,e,hayed,267,112,494,1962,2608
68,man,ɝ,heard,260,116,474,1505,1635
68,man,ɪ,hid,176,107,427,1974,2608
68,man,i,heed,268,119,352,2254,2888
68,man,o,hoed,261,112,494,925,2235
68,man,ʊ,hood,216,111,507,1183,2309
68,man,ʌ,hud,212,113,601,1214,2305
68,man,u,who'd,204,123,372,972,2316
69,man,æ,had,259,120,562,1895,2513
69,man,ɑ,hod,271,124,697,1370,2597
69,man,ɔ,hawed,282,111,636,978,2220
69,man,ɛ,head,207,114,609,1675,2495
69,man,e,hayed,262,113,504,1878,2549
69,man,ɝ,heard,252,121,505,1450,1651
69,man,ɪ,hid,197,129,439,1951,2622
69,man,i,heed,271,115,323,2269,2943
69,man,o,hoed,275,107,436,865,2377
69,man,ʊ,hood,208,116,492,1157,2454
69,man,ʌ,hud,230,116,593,1213,2329
69,man,u,who'd,225,123,374,921,2288
70,man,æ,had,257,105,594,2000,2550
70,man,ɑ,hod,212,106,743,1423,2494
70,man,ɔ,hawed,171,103,686,1064,2432
70,man,ɛ,head,215,104,634,1874,2563
70,man,e,hayed,252,115,472,2141,2623
70,man,ɝ,heard,231,116,442,1517,1736
70,man,ɪ,hid,188,115,453,2013,2660
70,man,i,heed,218,117,338,2329,2945
70,man,o,hoed,246,105,533,900,2435
70,man,ʊ,hood,173,113,487,994,2299
70,man,ʌ,hud,166,105,662,1166,2553
70,man,u,who'd,207,123,371,950,2264
71,man,æ,had,212,131,662,1934,2649
71,man,ɑ,hod,154,173,710,1084,2753
71,man,ɔ,hawed,222,122,681,1060,2863
71,man,ɛ,head,125,128,636,1893,2765
71,man,e,hayed,231,124,490,2187,2722
71,man,ɝ,heard,201,140,496,1500,1711
71,man,ɪ,hid,160,189,469,2128,2744
71,man,i,heed,194,175,368,2509,2893
71,man,o,hoed,213,130,530,1000,2652
71,man,ʊ,hood,146,132,435,994,2565
71,man,ʌ,hud,168,124,682,1192,2774
71,man,u,who'd,197,189,377,888,2416
72,man,æ,had,241,114,566,2041,2500
72,man,ɑ,hod,220,123,825,1438,2434
72,man,ɔ,hawed,226,117,720,1063,2369
72,man,ɛ,head,177,118,620,1832,2583
72,man,e,hayed,211,139,393,2305,2694
72,man,ɝ,heard,206,118,453,1432,1690
72,man,ɪ,hid,145,131,404,2107,2677
72,man,i,heed,161,132,309,2385,3219
72,man,o,hoed,238,118,509,896,2354
72,man,ʊ,hood,188,124,491,1246,2336
72,man,ʌ,hud,145,133,623,1207,2455
72,man,u,who'd,185,143,401,980,2460
73,man,æ,had,302,96,559,1873,2509
73,man,ɑ,hod,290,101,673,1301,2433
73,man,ɔ,hawed,344,92,619,1012,2460
73,man,ɛ,head,197,98,565,1805,2608
73,man,e,hayed,338,94,374,2436,2803
73,man,ɝ,heard,310,103,430,1294,1487
73,man,ɪ,hid,178,105,383,2167,2726
73,man,i,heed,282,107,307,2405,3442
73,man,o,hoed,301,95,376,659,2572
73,man,ʊ,hood,191,109,430,1021,2507
73,man,ʌ,hud,199,96,560,1118,2503
73,man,u,who'd,288,105,313,861,2374
74,man,æ,had,208,143,579,1982,2639
74,man,ɑ,hod,184,160,707,1421,2403
74,man,ɔ,hawed,196,155,640,1149,2227
74,man,ɛ,head,146,146,571,1752,2668
74,man,e,hayed,239,158,444,2121,2547
74,man,ɝ,heard,210,146,435,1289,1562
74,man,ɪ,hid,134,165,440,2119,2694
74,man,i,heed,202,158,312,2319,2865
74,man,o,hoed,175,150,457,870,2566
74,man,ʊ,hood,111,156,463,1086,2453
74,man,ʌ,hud,128,152,622,1285,2472
74,man,u,who'd,171,199,379,982,2407
75,man,æ,had,208,149,623,1937,2526
75,man,ɑ,hod,216,146,697,1293,2461
75,man,ɔ,hawed,195,144,633,995,2500
75,man,ɛ,head,166,149,608,1871,2572
75,man,e,hayed,219,148,500,2159,2634
75,man,ɝ,heard,202,151,491,1370,1679
75,man,ɪ,hid,154,148,438,2049,2609
75,man,i,heed,205,166,327,2378,2999
75,man,o,hoed,198,160,487,804,2508
75,man,ʊ,hood,134,160,500,1067,2435
75,man,ʌ,hud,143,147,666,1135,2471
75,man,u,who'd,185,165,402,809,2466
76,man,æ,had,328,136,555,1996,2609
76,man,ɑ,hod,272,135,816,1361,2493
76,man,ɔ,hawed,268,133,649,1048,2441
76,man,ɛ,head,205,131,567,1718,2557
76,man,e,hayed,311,142,480,2100,2576
76,man,ɝ,heard,270,129,477,1376,1679
76,man,ɪ,hid,204,147,437,1960,2596
76,man,i,heed,254,159,314,2506,2963
76,man,o,hoed,260,138,502,879,2465
76,man,ʊ,hood,180,141,495,1093,2463
76,man,ʌ,hud,204,136,575,1130,2489
76,man,u,who'd,241,160,373,931,2381
77,man,æ,had,267,129,555,1849,2502
77,man,ɑ,hod,250,115,722,1411,2264
77,man,ɔ,hawed,239,116,623,1012,2506
77,man,ɛ,head,185,121,541,1743,2563
77,man,e,hayed,261,116,469,2035,2660
77,man,ɝ,heard,252,115,447,1400,1791
77,man,ɪ,hid,172,128,379,1942,2658
77,man,i,heed,200,130,365,2119,2883
77,man,o,hoed,243,124,499,883,2618
77,man,ʊ,hood,160,125,442,1092,2459
77,man,ʌ,hud,177,124,583,1187,2627
77,man,u,who'd,244,131,377,1008,2308
78,man,æ,had,326,110,634,1730,2456
78,man,ɑ,hod,269,109,748,1274,2406
78,man,ɔ,hawed,304,106,645,1049,2507
78,man,ɛ,head,244,112,543,1840,2574
78,man,e,hayed,312,108,438,2003,2552
78,man,ɝ,heard,271,112,440,1447,1701
78,man,ɪ,hid,226,111,397,1985,2615
78,man,i,heed,268,113,327,2143,2881
78,man,o,hoed,317,114,465,969,2364
78,man,ʊ,hood,230,106,466,1375,2478
78,man,ʌ,hud,219,109,561,1343,2498
78,man,u,who'd,254,114,357,1130,2300
79,man,æ,had,270,121,570,1856,2630
79,man,ɑ,hod,252,116,744,1388,2541
79,man,ɔ,hawed,300,112,645,1063,2565
79,man,ɛ,head,217,114,579,1866,2799
79,man,e,hayed,269,121,478,2049,2866
79,man,ɝ,heard,290,119,493,1428,1741
79,man,ɪ,hid,174,130,428,1999,2849
79,man,i,heed,219,135,362,2103,3074
79,man,o,hoed,230,122,496,908,2435
79,man,ʊ,hood,185,120,496,1101,2396
79,man,ʌ,hud,171,118,630,1328,2554
79,man,u,who'd,265,124,388,982,2316
80,man,æ,had,207,130,614,1768,2393
80,man,ɑ,hod,219,127,700,1295,2310
80,man,ɔ,hawed,202,130,606,991,2135
80,man,ɛ,head,139,130,568,1687,2419
80,man,e,hayed,193,140,497,1903,2455
80,man,ɝ,heard,212,130,478,1440,1665
80,man,ɪ,hid,147,133,434,1872,2543
80,man,i,heed,195,137,392,2127,2874
80,man,o,hoed,211,142,437,861,2160
80,man,ʊ,hood,159,132,497,1164,2245
80,man,ʌ,hud,169,134,596,1053,2282
80,man,u,who'd,193,143,409,846,2073
81,man,æ,had,213,131,553,2140,2327
81,man,ɑ,hod,192,148,705,1323,2643
81,man,ɔ,hawed,229,142,636,1108,2623
81,man,ɛ,head,158,135,583,1760,2497
81,man,e,hayed,255,155,477,2073,2617
81,man,ɝ,heard,206,142,451,1314,1731
81,man,ɪ,hid,142,133,427,2140,2626
81,man,i,heed,187,145,308,2190,2819
81,man,o,hoed,209,136,548,1067,2480
81,man,ʊ,hood,153,146,436,1154,2300
81,man,ʌ,hud,155,141,602,1176,2495
81,man,u,who'd,195,153,377,1063,2238
82,man,æ,had,311,153,605,2002,2666
82,man,ɑ,hod,287,139,963,1524,2552
82,man,ɔ,hawed,196,124,670,919,2241
82,man,ɛ,head,201,150,641,1814,2642
82,man,e,hayed,286,151,440,2245,3044
82,man,ɝ,heard,260,138,467,1432,1742
82,man,ɪ,hid,168,149,440,2082,2767
82,man,i,heed,235,184,373,2207,3191
82,man,o,hoed,252,151,444,815,2375
82,man,ʊ,hood,196,151,498,1048,2391
82,man,ʌ,hud,193,149,608,1167,2523
82,man,u,who'd,250,192,387,967,2257
83,man,æ,had,273,140,597,1989,2677
83,man,ɑ,hod,254,126,711,1428,2413
83,man,ɔ,hawed,281,131,631,1167,2344
83,man,ɛ,head,204,138,623,1937,2643
83,man,e,hayed,230,142,502,2025,2642
83,man,ɝ,heard,266,127,505,1447,1823
83,man,ɪ,hid,194,145,431,2071,2671
83,man,i,heed,231,154,343,2502,3035
83,man,o,hoed,256,134,522,911,2461
83,man,ʊ,hood,168,142,435,1263,2559
83,man,ʌ,hud,201,138,612,1317,2608
83,man,u,who'd,205,151,316,893,2385
84,man,æ,had,230,139,561,1772,2597
84,man,ɑ,hod,213,138,712,1325,2624
84,man,ɔ,hawed,249,134,687,1062,2524
84,man,ɛ,head,188,137,562,1591,2556
84,man,e,hayed,217,139,501,1944,2643
84,man,ɝ,heard,214,150,461,1297,1586
84,man,ɪ,hid,185,143,437,1915,2687
84,man,i,heed,221,141,394,2300,2827
84,man,o,hoed,229,143,554,1005,2369
84,man,ʊ,hood,176,151,468,1064,2383
84,man,ʌ,hud,181,144,628,1172,2626
84,man,u,who'd,200,154,437,1085,2305
85,man,æ,had,334,128,615,1885,2709
85,man,ɑ,hod,292,140,821,1283,2498
85,man,ɔ,hawed,328,131,684,1000,2576
85,man,ɛ,head,207,161,622,1799,2726
85,man,e,hayed,319,138,549,1921,2686
85,man,ɝ,heard,326,143,557,1344,1610
85,man,ɪ,hid,191,162,474,1956,2762
85,man,i,heed,286,157,373,2214,3134
85,man,o,hoed,289,140,528,792,2481
85,man,ʊ,hood,227,128,510,1238,2250
85,man,ʌ,hud,242,128,631,1241,2276
85,man,u,who'd,256,154,435,1070,2416
86,man,æ,had,276,98,577,1952,2588
86,man,ɑ,hod,286,101,822,1315,2708
86,man,ɔ,hawed,301,100,684,1001,2833
86,man,ɛ,head,200,98,561,1786,2603
86,man,e,hayed,269,101,497,2083,2628
86,man,ɝ,heard,252,105,491,1300,1744
86,man,ɪ,hid,204,111,433,2012,2708
86,man,i,heed,291,100,312,2307,2834
86,man,o,hoed,282,106,555,1019,2611
86,man,ʊ,hood,220,112,409,965,2490
86,man,ʌ,hud,208,107,650,1154,2640
86,man,u,who'd,219,113,365,999,2270
87,man,æ,had,283,187,629,2436,3022
87,man,ɑ,hod,285,180,753,1200,2677
87,man,ɔ,hawed,293,184,704,1052,2749
87,man,ɛ,head,200,187,723,2208,3057
87,man,e,hayed,255,181,537,2493,3151
87,man,ɝ,heard,255,196,486,1372,1797
87,man,ɪ,hid,224,196,432,2494,3137
87,man,i,heed,234,216,420,2600,3256
87,man,o,hoed,247,181,552,924,2565
87,man,ʊ,hood,186,195,497,1107,2501
87,man,ʌ,hud,194,180,670,1061,2703
87,man,u,who'd,245,224,437,871,2393
88,man,æ,had,292,129,511,1811,2529
88,man,ɑ,hod,301,120,662,1183,2374
88,man,ɔ,hawed,300,121,591,974,2325
88,man,ɛ,head,209,127,534,1608,2509
88,man,e,hayed,282,123,482,1804,2551
88,man,ɝ,heard,259,133,443,1262,1538
88,man,ɪ,hid,244,131,396,1810,2504
88,man,i,heed,228,159,315,2052,3005
88,man,o,hoed,293,143,473,820,2308
88,man,ʊ,hood,219,141,465,1087,2217
88,man,ʌ,hud,198,124,566,1040,2476
88,man,u,who'd,250,147,413,1193,2164
89,man,æ,had,245,119,590,1830,2512
89,man,ɑ,hod,207,122,682,1259,2618
89,man,ɔ,hawed,242,118,611,1067,2491
89,man,ɛ,head,198,124,574,1813,2476
89,man,e,hayed,247,120,501,2042,2617
89,man,ɝ,heard,248,116,489,1493,1836
89,man,ɪ,hid,182,137,429,1962,2554
89,man,i,heed,216,130,366,2504,2959
89,man,o,hoed,232,133,499,927,2493
89,man,ʊ,hood,167,136,441,1181,2326
89,man,ʌ,hud,188,119,600,1182,2471
89,man,u,who'd,212,132,378,893,2455
90,man,æ,had,266,123,622,1957,2841
90,man,ɑ,hod,270,124,818,1315,2697
90,man,ɔ,hawed,293,121,643,931,2630
90,man,ɛ,head,172,114,557,1996,2876
90,man,e,hayed,229,138,441,2348,2935
90,man,ɝ,heard,238,156,444,1377,1543
90,man,ɪ,hid,177,136,416,2296,2995
90,man,i,heed,246,133,370,2536,3332
90,man,o,hoed,188,136,495,938,2519
90,man,ʊ,hood,178,164,456,1002,2518
90,man,ʌ,hud,166,138,618,1228,2718
90,man,u,who'd,125,171,374,887,2478
91,man,æ,had,289,116,565,2055,2575
91,man,ɑ,hod,250,110,710,1483,2575
91,man,ɔ,hawed,277,109,679,1102,2424
91,man,ɛ,head,178,115,565,1952,2619
91,man,e,hayed,256,109,492,2108,2974
91,man,ɝ,heard,258,123,516,1399,1756
91,man,ɪ,hid,198,130,441,2068,2594
91,man,i,heed,228,114,354,2375,3150
91,man,o,hoed,251,119,601,1045,2396
91,man,ʊ,hood,205,120,495,1106,2444
91,man,ʌ,hud,176,119,622,1163,2370
91,man,u,who'd,222,130,389,1033,2375
92,woman,æ,had,305,225,678,2293,2861
92,woman,ɑ,hod,265,211,1012,1603,2767
92,woman,ɔ,hawed,305,218,815,1200,2783
92,woman,ɛ,head,217,228,734,1893,2820
92,woman,e,hayed,239,227,539,2476,2868
92,woman,ɝ,heard,300,224,470,1437,1672
92,woman,ɪ,hid,176,246,496,2260,3027
92,woman,i,heed,232,234,441,2806,3260
92,woman,o,hoed,302,234,557,1135,2961
92,woman,ʊ,hood,238,228,489,1357,2937
92,woman,ʌ,hud,246,222,803,1501,2989
92,woman,u,who'd,281,260,503,1068,2810
93,woman,æ,had,486,214,624,2442,3091
93,woman,ɑ,hod,443,209,883,1682,2962
93,woman,ɔ,hawed,464,211,760,1225,2796
93,woman,ɛ,head,432,197,740,2186,3086
93,woman,e,hayed,453,220,477,2704,3102
93,woman,ɝ,heard,418,218,500,1441,1914
93,woman,ɪ,hid,356,219,446,2444,2956
93,woman,i,heed,380,222,435,2890,3667
93,woman,o,hoed,422,212,432,1013,2690
93,woman,ʊ,hood,390,225,503,1332,2903
93,woman,ʌ,hud,345,226,788,1547,2917
93,woman,u,who'd,409,218,435,1384,2804
94,woman,æ,had,293,192,666,2370,2814
94,woman,ɑ,hod,257,192,1025,1548,2748
94,woman,ɔ,hawed,326,186,772,1051,2870
94,woman,ɛ,head,202,218,707,2110,3028
94,woman,e,hayed,263,208,672,2457,3190
94,woman,ɝ,heard,278,182,523,1413,1932
94,woman,ɪ,hid,197,188,486,2332,2925
94,woman,i,heed,289,192,380,2703,3087
94,woman,o,hoed,274,176,624,1130,2881
94,woman,ʊ,hood,265,215,494,1102,2863
94,woman,ʌ,hud,206,182,789,1291,2877
94,woman,u,who'd,271,211,431,788,2717
95,woman,æ,had,353,233,743,2230,3055
95,woman,ɑ,hod,350,216,804,1484,2789
95,woman,ɔ,hawed,379,203,770,1245,2811
95,woman,ɛ,head,315,216,693,1991,3121
95,woman,e,hayed,437,226,601,2577,3091
95,woman,ɝ,heard,350,216,619,1716,2138
95,woman,ɪ,hid,356,224,502,2391,3071
95,woman,i,heed,364,215,428,2767,3627
95,woman,o,hoed,410,225,627,1314,2911
95,woman,ʊ,hood,279,222,509,1323,3122
95,woman,ʌ,hud,331,216,731,1552,3111
95,woman,u,who'd,430,216,436,1415,2843
96,woman,æ,had,338,223,677,2320,2987
96,woman,ɑ,hod,365,226,935,1377,2598
96,woman,ɔ,hawed,363,231,923,1368,2503
96,woman,ɛ,head,260,233,743,1981,2868
96,woman,e,hayed,302,241,487,2600,3130
96,woman,ɝ,heard,317,242,494,1485,1863
96,woman,ɪ,hid,266,238,497,2379,3074
96,woman,i,heed,305,249,346,2703,3510
96,woman,o,hoed,376,224,443,879,2532
96,woman,ʊ,hood,269,244,506,1188,2485
96,woman,ʌ,hud,290,224,693,1381,2560
96,woman,u,who'd,328,223,455,994,2612
97,woman,æ,had,362,223,627,2266,2875
97,woman,ɑ,hod,329,211,804,1363,2803
97,woman,ɔ,hawed,363,212,778,1220,2677
97,woman,ɛ,head,280,211,712,1881,2777
97,woman,e,hayed,318,214,492,2437,3001
97,woman,ɝ,heard,342,225,527,1636,1974
97,woman,ɪ,hid,266,216,531,2174,2984
97,woman,i,heed,332,221,439,2676,3291
97,woman,o,hoed,353,203,580,995,2637
97,woman,ʊ,hood,283,207,483,987,2679
97,woman,ʌ,hud,233,226,795,1362,2671
97,woman,u,who'd,311,219,437,1113,2676
98,woman,æ,had,313,176,690,2327,2771
98,woman,ɑ,hod,306,173,939,1233,2564
98,woman,ɔ,hawed,314,167,809,1097,2646
98,woman,ɛ,head,238,198,734,2141,2746
98,woman,e,hayed,330,186,553,2458,2788
98,woman,ɝ,heard,320,174,518,1604,1912
98,woman,ɪ,hid,285,192,535,2380,2930
98,woman,i,heed,281,200,394,2689,3058
98,woman,o,hoed,262,196,621,1025,2704
98,woman,ʊ,hood,227,182,563,1233,2758
98,woman,ʌ,hud,209,189,854,1401,2756
98,woman,u,who'd,384,211,384,1084,2929
99,woman,æ,had,284,238,658,2650,3471
99,woman,ɑ,hod,317,243,827,1701,3056
99,woman,ɔ,hawed,320,242,815,1426,2990
99,woman,ɛ,head,199,244,732,2189,3366
99,woman,e,hayed,274,238,496,2665,3173
99,woman,ɝ,heard,272,250,516,1983,2093
99,woman,ɪ,hid,180,247,498,2654,3391
99,woman,i,heed,297,264,493,2967,3496
99,woman,o,hoed,304,253,506,1257,2957
99,woman,ʊ,hood,210,254,546,1534,2880
99,woman,ʌ,hud,207,243,716,1634,3119
99,woman,u,who'd,287,258,503,1514,2816
100,woman,æ,had,253,251,685,2299,2930
100,woman,ɑ,hod,282,240,913,1436,2589
100,woman,ɔ,hawed,309,241,890,1063,2523
100,woman,ɛ,head,233,246,710,2138,2818
100,woman,e,hayed,222,265,505,2777,3044
100,woman,ɝ,heard,261,248,503,1480,1735
100,woman,ɪ,hid,218,253,500,2272,3028
100,woman,i,heed,246,266,442,2850,3157
100,woman,o,hoed,257,252,538,998,2796
100,woman,ʊ,hood,209,247,500,1200,2783
100,woman,ʌ,hud,193,236,809,1391,2927
100,woman,u,who'd,265,265,504,1096,2665
101,woman,æ,had,356,227,621,2249,2873
101,woman,ɑ,hod,367,223,856,1540,2667
101,woman,ɔ,hawed,416,225,771,1170,2760
101,woman,ɛ,head,271,227,704,2023,2927
101,woman,e,hayed,347,220,455,2433,3023
101,woman,ɝ,heard,342,230,495,1596,1973
101,woman,ɪ,hid,249,227,471,2277,2884
101,woman,i,heed,324,239,477,2866,3236
101,woman,o,hoed,363,219,453,980,2854
101,woman,ʊ,hood,253,231,491,1179,2636
101,woman,ʌ,hud,256,217,680,1499,2885
101,woman,u,who'd,351,238,473,1113,2626
102,woman,æ,had,385,188,868,2004,2797
102,woman,ɑ,hod,380,191,882,1380,2834
102,woman,ɔ,hawed,380,197,755,1114,2766
102,woman,ɛ,head,317,195,766,1922,2908
102,woman,e,hayed,413,214,574,2316,2854
102,woman,ɝ,heard,389,195,567,1496,1803
102,woman,ɪ,hid,320,207,453,2427,2932
102,woman,i,heed,433,203,408,2627,3064
102,woman,o,hoed,372,196,597,1150,2751
102,woman,ʊ,hood,332,200,575,1619,2737
102,woman,ʌ,hud,266,205,773,1614,2813
102,woman,u,who'd,377,232,461,1627,2761
103,woman,æ,had,355,229,682,2486,3207
103,woman,ɑ,hod,343,216,887,1743,2557
103,woman,ɔ,hawed,397,227,930,1422,2489
103,woman,ɛ,head,234,210,673,2389,2989
103,woman,e,hayed,329,238,502,2674,3394
103,woman,ɝ,heard,348,219,501,1555,1938
103,woman,ɪ,hid,246,237,489,2603,3353
103,woman,i,heed,359,223,435,2868,3625
103,woman,o,hoed,319,233,688,1185,2748
103,woman,ʊ,hood,289,225,502,1322,2951
103,woman,ʌ,hud,248,241,817,1604,2649
103,woman,u,who'd,300,242,477,998,2690
104,woman,æ,had,315,237,668,2252,2790
104,woman,ɑ,hod,329,226,869,1495,2731
104,woman,ɔ,hawed,363,234,697,1142,2507
104,woman,ɛ,head,231,214,651,2157,2794
104,woman,e,hayed,318,236,647,2539,2879
104,woman,ɝ,heard,275,244,531,1688,1971
104,woman,ɪ,hid,219,233,555,2216,2812
104,woman,i,heed,336,229,438,2813,3532
104,woman,o,hoed,315,236,631,1181,2458
104,woman,ʊ,hood,227,240,552,1193,2559
104,woman,ʌ,hud,221,235,739,1320,2596
104,woman,u,who'd,298,231,445,1136,2692
105,woman,æ,had,272,214,726,2350,2996
105,woman,ɑ,hod,275,211,994,1609,2930
105,woman,ɔ,hawed,266,223,748,1063,2876
105,woman,ɛ,head,241,226,817,2242,3139
105,woman,e,hayed,230,206,596,2478,2924
105,woman,ɝ,heard,267,225,506,1604,1915
105,woman,ɪ,hid,209,221,491,2316,2934
105,woman,i,heed,261,225,440,2706,3404
105,woman,o,hoed,264,216,636,1041,2862
105,woman,ʊ,hood,227,224,499,1103,2900
105,woman,ʌ,hud,206,220,742,1352,2960
105,woman,u,who'd,241,239,483,1117,2707
106,woman,æ,had,400,226,620,2316,2849
106,woman,ɑ,hod,340,226,955,1615,2678
106,woman,ɔ,hawed,394,229,827,1189,2633
106,woman,ɛ,head,217,222,684,1992,2951
106,woman,e,hayed,325,244,500,2482,3060
106,woman,ɝ,heard,355,234,484,1652,1928
106,woman,ɪ,hid,218,234,485,2129,2967
106,woman,i,heed,321,259,455,2797,3129
106,woman,o,hoed,357,226,449,924,2694
106,woman,ʊ,hood,240,248,501,1189,2647
106,woman,ʌ,hud,288,226,700,1338,2750
106,woman,u,who'd,298,262,466,778,2699
107,woman,æ,had,356,202,634,2596,3255
107,woman,ɑ,hod,305,189,1085,1687,2870
107,woman,ɔ,hawed,342,201,847,1192,2999
107,woman,ɛ,head,253,197,756,2008,3089
107,woman,e,hayed,336,207,617,2697,3154
107,woman,ɝ,heard,295,219,597,1588,1905
107,woman,ɪ,hid,290,214,457,2590,3232
107,woman,i,heed,278,227,443,2944,3546
107,woman,o,hoed,346,209,612,1026,2896
107,woman,ʊ,hood,273,219,562,1109,2904
107,woman,ʌ,hud,250,198,824,1459,2924
107,woman,u,who'd,268,225,440,1122,2856
108,woman,æ,had,323,212,672,2145,2764
108,woman,ɑ,hod,267,205,937,1623,2844
108,woman,ɔ,hawed,341,211,794,1185,2896
108,woman,ɛ,head,188,216,750,1935,2930
108,woman,e,hayed,261,210,558,2505,2855
108,woman,ɝ,heard,308,212,491,1506,1727
108,woman,ɪ,hid,203,221,474,2362,2830
108,woman,i,heed,240,210,429,2698,3509
108,woman,o,hoed,298,206,616,1034,2785
108,woman,ʊ,hood,202,232,492,1161,2766
108,woman,ʌ,hud,183,212,705,1166,2890
108,woman,u,who'd,266,216,436,911,2724
109,woman,æ,had,363,237,698,2339,3075
109,woman,ɑ,hod,316,239,918,1640,2801
109,woman,ɔ,hawed,327,241,848,1175,2892
109,woman,ɛ,head,317,238,706,1986,3228
109,woman,e,hayed,334,244,572,2428,3120
109,woman,ɝ,heard,319,246,524,1547,2066
109,woman,ɪ,hid,256,252,501,2355,3161
109,woman,i,heed,302,247,492,2695,3371
109,woman,o,hoed,340,241,631,1185,2942
109,woman,ʊ,hood,332,249,505,1404,2774
109,woman,ʌ,hud,286,235,839,1555,3003
109,woman,u,who'd,293,257,506,1030,2575
110,woman,æ,had,307,187,586,2299,2748
110,woman,ɑ,hod,365,193,818,1351,2933
110,woman,ɔ,hawed,344,185,713,1132,2948
110,woman,ɛ,head,263,173,717,2256,2896
110,woman,e,hayed,305,203,574,2360,2686
110,woman,ɝ,heard,325,175,508,1562,1914
110,woman,ɪ,hid,240,213,449,2173,2840
110,woman,i,heed,287,195,382,2563,3477
110,woman,o,hoed,317,174,504,1047,2749
110,woman,ʊ,hood,301,233,500,1095,2804
110,woman,ʌ,hud,249,216,642,1338,2938
110,woman,u,who'd,283,171,360,1034,2731
111,woman,æ,had,382,217,616,2156,2865
111,woman,ɑ,hod,402,216,769,1451,2898
111,woman,ɔ,hawed,465,226,698,1127,2886
111,woman,ɛ,head,281,233,727,1871,2902
111,woman,e,hayed,346,238,498,2218,2894
111,woman,ɝ,heard,370,224,469,1499,1873
111,woman,ɪ,hid,345,233,458,2143,2986
111,woman,i,heed,353,223,434,2512,2998
111,woman,o,hoed,374,234,469,934,2571
111,woman,ʊ,hood,370,242,496,1169,2654
111,woman,ʌ,hud,330,221,701,1318,2881
111,woman,u,who'd,378,247,491,1260,2502
112,woman,æ,had,338,186,576,2429,3101
112,woman,ɑ,hod,350,178,1008,1495,3018
112,woman,ɔ,hawed,318,191,736,1120,3055
112,woman,ɛ,head,239,180,584,2175,2930
112,woman,e,hayed,269,166,511,2574,3085
112,woman,ɝ,heard,279,173,505,1568,1845
112,woman,ɪ,hid,171,187,440,2394,3136
112,woman,i,heed,304,214,435,2621,3116
112,woman,o,hoed,334,181,578,1061,2882
112,woman,ʊ,hood,270,203,458,1042,3007
112,woman,ʌ,hud,209,188,777,1397,3033
112,woman,u,who'd,310,199,391,971,2945
113,woman,æ,had,365,213,674,2256,2818
113,woman,ɑ,hod,329,207,905,1514,2848
113,woman,ɔ,hawed,362,209,835,1326,2667
113,woman,ɛ,head,294,210,762,1902,2887
113,woman,e,hayed,342,211,513,2435,2939
113,woman,ɝ,heard,345,212,508,1687,1913
113,woman,ɪ,hid,227,218,535,2134,2929
113,woman,i,heed,307,219,433,2634,3307
113,woman,o,hoed,345,201,560,987,2311
113,woman,ʊ,hood,208,231,617,1373,2579
113,woman,ʌ,hud,220,211,686,1477,2698
113,woman,u,who'd,363,210,431,1003,2366
114,woman,æ,had,331,248,738,2378,3305
114,woman,ɑ,hod,303,259,1063,1680,2785
114,woman,ɔ,hawed,366,247,907,1527,3075
114,woman,ɛ,head,231,251,981,2075,3215
114,woman,e,hayed,349,263,617,2668,3319
114,woman,ɝ,heard,327,262,538,1813,2236
114,woman,ɪ,hid,258,256,516,2567,3485
114,woman,i,heed,334,272,531,2996,3831
114,woman,o,hoed,362,242,508,991,3121
114,woman,ʊ,hood,245,262,559,1246,3127
114,woman,ʌ,hud,250,239,769,1382,3035
114,woman,u,who'd,327,268,525,1065,2942
115,woman,æ,had,461,220,646,2406,3283
115,woman,ɑ,hod,430,212,1053,1677,2868
115,woman,ɔ,hawed,414,205,811,1254,2824
115,woman,ɛ,head,386,211,794,2046,3082
115,woman,e,hayed,399,212,610,2598,3323
115,woman,ɝ,heard,403,215,617,1565,1930
115,woman,ɪ,hid,302,222,552,2453,3346
115,woman,i,heed,346,237,467,3009,3562
115,woman,o,hoed,443,213,658,1045,2928
115,woman,ʊ,hood,331,228,509,1244,2980
115,woman,ʌ,hud,309,217,815,1427,3002
115,woman,u,who'd,382,226,448,1369,2921
116,woman,æ,had,346,168,746,1944,2927
116,woman,ɑ,hod,333,170,798,1351,2851
116,woman,ɔ,hawed,378,180,656,1075,2684
116,woman,ɛ,head,183,195,620,2071,2933
116,woman,e,hayed,420,171,485,2423,2912
116,woman,ɝ,heard,340,184,522,1490,2094
116,woman,ɪ,hid,209,223,455,2304,2999
116,woman,i,heed,336,177,375,2577,3276
116,woman,o,hoed,378,167,498,970,2876
116,woman,ʊ,hood,171,195,490,1122,2824
116,woman,ʌ,hud,187,195,678,1397,2861
116,woman,u,who'd,333,230,445,881,2580
117,woman,æ,had,272,246,734,2518,3176
117,woman,ɑ,hod,284,250,869,1751,2762
117,woman,ɔ,hawed,284,244,890,1292,2801
117,woman,ɛ,head,236,244,741,1997,2567
117,woman,e,hayed,284,243,578,2474,3055
117,woman,ɝ,heard,242,257,507,1749,2028
117,woman,ɪ,hid,197,251,515,2378,3063
117,woman,i,heed,250,252,497,2795,3266
117,woman,o,hoed,265,243,582,946,2704
117,woman,ʊ,hood,167,262,616,1331,2696
117,woman,ʌ,hud,195,244,823,1419,3051
117,woman,u,who'd,234,256,503,963,2776
118,woman,æ,had,260,225,662,2276,2955
118,woman,ɑ,hod,217,235,863,1538,3038
118,woman,ɔ,hawed,262,217,860,1504,2834
118,woman,ɛ,head,177,223,693,2012,3003
118,woman,e,hayed,231,234,507,2573,3121
118,woman,ɝ,heard,223,238,514,1831,2192
118,woman,ɪ,hid,167,238,504,2334,3063
118,woman,i,heed,222,246,495,2910,3548
118,woman,o,hoed,225,240,613,1184,3063
118,woman,ʊ,hood,181,242,521,1428,3156
118,woman,ʌ,hud,194,231,700,1580,3018
118,woman,u,who'd,182,261,508,1001,2763
119,woman,æ,had,333,238,696,2447,3122
119,woman,ɑ,hod,303,248,938,1462,2825
119,woman,ɔ,hawed,327,212,740,1037,2736
119,woman,ɛ,head,193,203,597,2426,3018
119,woman,e,hayed,280,246,504,2501,3050
119,woman,ɝ,heard,311,264,580,1407,1837
119,woman,ɪ,hid,219,260,544,2570,3135
119,woman,i,heed,284,275,508,2731,3669
119,woman,o,hoed,285,274,636,981,2944
119,woman,ʊ,hood,205,285,570,1117,2820
119,woman,ʌ,hud,200,307,885,1580,3078
119,woman,u,who'd,274,297,510,917,2757
120,woman,æ,had,310,238,687,2378,2913
120,woman,ɑ,hod,293,232,957,1591,2733
120,woman,ɔ,hawed,319,233,867,1207,2746
120,woman,ɛ,head,221,244,886,2186,2956
120,woman,e,hayed,313,245,494,2680,3156
120,woman,ɝ,heard,332,246,557,1546,1929
120,woman,ɪ,hid,208,250,501,2449,3185
120,woman,i,heed,306,233,452,2754,3511
120,woman,o,hoed,313,230,636,1096,2684
120,woman,ʊ,hood,216,254,532,1354,2810
120,woman,ʌ,hud,208,235,835,1507,2834
120,woman,u,who'd,274,268,502,1050,2695
121,woman,æ,had,364,205,645,2154,3139
121,woman,ɑ,hod,315,202,827,1543,2980
121,woman,ɔ,hawed,384,194,776,1324,2852
121,woman,ɛ,head,248,214,588,2130,2870
121,woman,e,hayed,338,212,487,2408,3094
121,woman,ɝ,heard,335,184,555,1491,1998
121,woman,ɪ,hid,261,206,431,2190,3060
121,woman,i,heed,316,237,461,2359,3218
121,woman,o,hoed,363,203,584,936,2985
121,woman,ʊ,hood,245,228,482,1124,2704
121,woman,ʌ,hud,199,216,756,1531,2871
121,woman,u,who'd,277,237,488,1119,2702
122,woman,æ,had,239,208,626,2374,2836
122,woman,ɑ,hod,240,213,708,1547,2426
122,woman,ɔ,hawed,287,226,699,1104,2513
122,woman,ɛ,head,191,189,755,1762,2646
122,woman,e,hayed,277,215,547,2262,2708
122,woman,ɝ,heard,272,212,588,1509,1783
122,woman,ɪ,hid,213,215,478,2157,2793
122,woman,i,heed,261,216,433,2720,3035
122,woman,o,hoed,239,217,499,1046,2697
122,woman,ʊ,hood,183,205,541,1183,2780
122,woman,ʌ,hud,224,209,685,1100,2510
122,woman,u,who'd,242,238,477,1184,2610
123,woman,æ,had,261,235,689,2701,3490
123,woman,ɑ,hod,283,241,1163,1685,3250
123,woman,ɔ,hawed,328,241,906,1386,3066
123,woman,ɛ,head,194,236,885,2322,3652
123,woman,e,hayed,296,247,500,2889,3452
123,woman,ɝ,heard,345,252,549,1749,2209
123,woman,ɪ,hid,227,252,556,2541,3684
123,woman,i,heed,257,268,505,2982,3741
123,woman,o,hoed,277,247,504,990,3324
123,woman,ʊ,hood,187,244,615,1375,3295
123,woman,ʌ,hud,193,244,828,1454,3287
123,woman,u,who'd,291,272,504,1068,3121
124,woman,æ,had,277,218,557,2586,3202
124,woman,ɑ,hod,247,211,1011,1541,2803
124,woman,ɔ,hawed,253,210,814,1144,2729
124,woman,ɛ,head,179,214,804,1998,2775
124,woman,e,hayed,267,211,433,2773,3297
124,woman,ɝ,heard,240,214,461,1534,1878
124,woman,ɪ,hid,175,231,486,2454,3106
124,woman,i,heed,236,220,434,2854,3614
124,woman,o,hoed,254,219,453,880,2924
124,woman,ʊ,hood,187,232,579,1392,2760
124,woman,ʌ,hud,164,222,764,1359,2875
124,woman,u,who'd,244,242,483,938,2835
125,woman,æ,had,328,211,668,2296,2711
125,woman,ɑ,hod,310,201,1035,1486,2865
125,woman,ɔ,hawed,331,207,801,1187,2935
125,woman,ɛ,head,223,202,718,2005,2906
125,woman,e,hayed,314,215,591,2562,3156
125,woman,ɝ,heard,300,218,537,1509,1682
125,woman,ɪ,hid,176,218,442,2472,3010
125,woman,i,heed,276,215,426,2775,3535
125,woman,o,hoed,309,210,641,1195,2890
125,woman,ʊ,hood,203,236,552,1364,2809
125,woman,ʌ,hud,215,207,729,1435,3109
125,woman,u,who'd,294,232,448,1463,2693
126,woman,æ,had,413,200,746,2371,2984
126,woman,ɑ,hod,455,208,952,1676,2862
126,woman,ɔ,hawed,422,213,822,1177,2950
126,woman,ɛ,head,368,205,773,2042,3009
126,woman,e,hayed,402,211,596,2314,3113
126,woman,ɝ,heard,438,206,492,1635,1871
126,woman,ɪ,hid,353,225,486,2253,3212
126,woman,i,heed,324,220,424,2692,3336
126,woman,o,hoed,340,217,620,1057,2833
126,woman,ʊ,hood,328,214,449,1396,2702
126,woman,ʌ,hud,365,206,761,1380,3042
126,woman,u,who'd,405,219,438,1711,2636
127,woman,æ,had,405,192,893,2070,3024
127,woman,ɑ,hod,419,175,810,1314,3236
127,woman,ɔ,hawed,413,196,851,1105,3249
127,woman,ɛ,head,343,191,694,2160,3144
127,woman,e,hayed,367,193,500,2622,3305
127,woman,ɝ,heard,371,198,455,1769,2070
127,woman,ɪ,hid,363,201,440,2453,3123
127,woman,i,heed,396,201,380,2816,3312
127,woman,o,hoed,406,195,563,1198,3046
127,woman,ʊ,hood,333,228,464,1169,2985
127,woman,ʌ,hud,325,206,809,1468,3153
127,woman,u,who'd,406,220,437,1178,2852
128,woman,æ,had,294,219,665,2408,3034
128,woman,ɑ,hod,336,217,993,1671,2751
128,woman,ɔ,hawed,327,219,825,1213,2751
128,woman,ɛ,head,268,210,680,2068,3072
128,woman,e,hayed,310,224,645,2554,3047
128,woman,ɝ,heard,303,230,656,1614,2008
128,woman,ɪ,hid,239,231,477,2554,3296
128,woman,i,heed,276,223,439,2927,3283
128,woman,o,hoed,296,221,632,1108,2869
128,woman,ʊ,hood,251,258,552,1214,2882
128,woman,ʌ,hud,214,228,818,1516,2970
128,woman,u,who'd,277,260,504,1041,2838
129,woman,æ,had,365,192,564,2442,2880
129,woman,ɑ,hod,338,212,931,1348,2698
129,woman,ɔ,hawed,369,211,752,1101,2616
129,woman,ɛ,head,259,193,694,2052,2838
129,woman,e,hayed,344,198,434,2568,3053
129,woman,ɝ,heard,340,189,509,1365,1884
129,woman,ɪ,hid,247,216,436,2559,3104
129,woman,i,heed,338,210,430,2606,3280
129,woman,o,hoed,353,204,430,820,2783
129,woman,ʊ,hood,236,187,486,1088,2663
129,woman,ʌ,hud,233,198,710,1293,2623
129,woman,u,who'd,266,215,429,827,2719
130,woman,æ,had,301,197,714,2254,2625
130,woman,ɑ,hod,297,198,822,1371,3130
130,woman,ɔ,hawed,303,200,765,997,3477
130,woman,ɛ,head,237,185,726,2123,2959
130,woman,e,hayed,296,202,543,2399,2775
130,woman,ɝ,heard,304,207,584,1486,1783
130,woman,ɪ,hid,227,205,501,2292,2863
130,woman,i,heed,271,198,383,2733,3326
130,woman,o,hoed,305,207,438,812,3068
130,woman,ʊ,hood,233,205,516,1019,2890
130,woman,ʌ,hud,233,194,755,1427,2965
130,woman,u,who'd,296,223,438,1078,2774
131,woman,æ,had,301,216,625,2594,3146
131,woman,ɑ,hod,298,200,875,1491,2979
131,woman,ɔ,hawed,332,198,957,1183,3066
131,woman,ɛ,head,203,217,714,2255,2941
131,woman,e,hayed,298,214,555,2766,3181
131,woman,ɝ,heard,262,208,491,1655,2062
131,woman,ɪ,hid,200,219,443,2644,3306
131,woman,i,heed,263,229,438,2964,3632
131,woman,o,hoed,288,226,450,889,2904
131,woman,ʊ,hood,217,226,444,1081,3049
131,woman,ʌ,hud,201,215,827,1416,3022
131,woman,u,who'd,235,237,450,916,2959
132,woman,æ,had,312,222,552,2227,2978
132,woman,ɑ,hod,268,226,884,1568,2819
132,woman,ɔ,hawed,387,237,799,1146,2770
132,woman,ɛ,head,250,209,623,1882,3007
132,woman,e,hayed,343,232,484,2276,3151
132,woman,ɝ,heard,331,240,482,1676,1942
132,woman,ɪ,hid,170,236,489,2175,2990
132,woman,i,heed,376,250,427,2772,3762
132,woman,o,hoed,318,219,444,987,2727
132,woman,ʊ,hood,246,240,497,1440,2713
132,woman,ʌ,hud,156,236,736,1300,2829
132,woman,u,who'd,272,255,474,974,2540
133,woman,æ,had,353,230,685,2205,2813
133,woman,ɑ,hod,340,212,938,1492,2673
133,woman,ɔ,hawed,390,222,715,963,2455
133,woman,ɛ,head,255,221,718,1952,2817
133,woman,e,hayed,300,217,442,2464,3067
133,woman,ɝ,heard,319,237,487,1434,1911
133,woman,ɪ,hid,266,225,451,2247,2929
133,woman,i,heed,368,226,437,2555,3583
133,woman,o,hoed,347,212,435,862,2516
133,woman,ʊ,hood,242,224,499,1144,2511
133,woman,ʌ,hud,251,214,678,1229,2590
133,woman,u,who'd,346,254,430,954,2491
134,woman,æ,had,333,208,657,2192,2654
134,woman,ɑ,hod,312,195,914,1383,2854
134,woman,ɔ,hawed,351,196,790,1044,2933
134,woman,ɛ,head,247,198,758,2091,2829
134,woman,e,hayed,319,205,606,2438,2723
134,woman,ɝ,heard,310,204,537,1638,1932
134,woman,ɪ,hid,287,213,442,2316,2899
134,woman,i,heed,326,217,431,2522,3008
134,woman,o,hoed,323,206,608,1007,2866
134,woman,ʊ,hood,239,224,480,1108,2717
134,woman,ʌ,hud,274,199,780,1380,2854
134,woman,u,who'd,340,204,415,1001,2556
135,woman,æ,had,365,156,649,2508,3050
135,woman,ɑ,hod,334,150,901,1509,2670
135,woman,ɔ,hawed,396,162,850,1182,2909
135,woman,ɛ,head,284,168,676,2196,3124
135,woman,e,hayed,377,160,485,2619,3132
135,woman,ɝ,heard,382,166,500,1637,1928
135,woman,ɪ,hid,252,149,449,2492,3040
135,woman,i,heed,316,155,331,3049,3736
135,woman,o,hoed,350,183,568,1112,2827
135,woman,ʊ,hood,265,177,520,1421,2998
135,woman,ʌ,hud,200,155,693,1277,2935
135,woman,u,who'd,302,166,362,1351,2879
136,woman,æ,had,327,211,817,2102,2711
136,woman,ɑ,hod,302,207,975,1534,2658
136,woman,ɔ,hawed,310,206,813,1117,2585
136,woman,ɛ,head,244,217,770,1866,2653
136,woman,e,hayed,313,218,472,2616,2864
136,woman,ɝ,heard,327,211,456,1615,1826
136,woman,ɪ,hid,208,221,444,2237,2711
136,woman,i,heed,336,230,440,2757,3175
136,woman,o,hoed,380,224,624,1109,2691
136,woman,ʊ,hood,231,237,498,1162,2708
136,woman,ʌ,hud,206,213,712,1499,2757
136,woman,u,who'd,272,238,482,987,2781
137,woman,æ,had,310,210,626,2331,2826
137,woman,ɑ,hod,346,218,796,1502,2810
137,woman,ɔ,hawed,355,221,736,1098,2821
137,woman,ɛ,head,244,213,683,1851,2877
137,woman,e,hayed,309,224,546,2237,2864
137,woman,ɝ,heard,346,231,604,1441,1835
137,woman,ɪ,hid,209,238,498,2234,2876
137,woman,i,heed,279,255,489,2641,2952
137,woman,o,hoed,282,237,522,923,2871
137,woman,ʊ,hood,239,255,519,1051,2741
137,woman,ʌ,hud,208,236,733,1378,2891
137,woman,u,who'd,265,234,458,1163,2651
138,woman,æ,had,319,209,706,2400,2923
138,woman,ɑ,hod,326,224,1145,1455,3272
138,woman,ɔ,hawed,318,219,677,1054,3278
138,woman,ɛ,head,221,222,709,2088,2670
138,woman,e,hayed,305,214,439,2801,3084
138,woman,ɝ,heard,301,176,513,1569,1869
138,woman,ɪ,hid,216,225,463,2603,2991
138,woman,i,heed,290,243,419,2874,3367
138,woman,o,hoed,315,206,444,803,3233
138,woman,ʊ,hood,217,256,509,1049,3306
138,woman,ʌ,hud,215,220,796,1271,3197
138,woman,u,who'd,248,240,467,993,2802
139,woman,æ,had,357,209,751,2432,2896
139,woman,ɑ,hod,357,234,968,1433,2850
139,woman,ɔ,hawed,361,246,995,1359,2941
139,woman,ɛ,head,270,219,817,1984,2973
139,woman,e,hayed,361,252,664,2455,2915
139,woman,ɝ,heard,356,224,503,1766,1956
139,woman,ɪ,hid,245,239,499,2384,3091
139,woman,i,heed,314,231,437,2778,3139
139,woman,o,hoed,361,239,720,1277,2812
139,woman,ʊ,hood,273,236,553,1135,2859
139,woman,ʌ,hud,262,213,811,1450,2938
139,woman,u,who'd,308,265,491,1317,2680
